date,province,salinity_daily,rain_mm,temp_c
2024-01-01,Bac Lieu,4.14,0.0,27.8
2024-01-02,Bac Lieu,4.34,0.5,28.2
2024-01-03,Bac Lieu,4.59,0.0,28.0
2024-01-04,Bac Lieu,4.52,0.0,29.1
2024-01-05,Bac Lieu,4.68,0.0,27.5
2024-01-06,Bac Lieu,4.9,0.0,28.3
2024-01-07,Bac Lieu,4.88,0.0,27.8
2024-01-08,Bac Lieu,4.87,9.1,27.9
2024-01-09,Bac Lieu,4.99,0.0,27.9
2024-01-10,Bac Lieu,5.14,0.0,28.2
2024-01-11,Bac Lieu,4.87,0.0,28.4
2024-01-12,Bac Lieu,5.27,0.0,28.8
2024-01-13,Bac Lieu,5.07,0.0,28.0
2024-01-14,Bac Lieu,4.64,0.5,28.4
2024-01-15,Bac Lieu,5.56,0.0,27.9
2024-01-16,Bac Lieu,5.28,0.0,28.3
2024-01-17,Bac Lieu,5.18,0.0,29.0
2024-01-18,Bac Lieu,5.43,0.0,28.5
2024-01-19,Bac Lieu,5.11,0.0,28.3
2024-01-20,Bac Lieu,5.39,0.0,28.7
2024-01-21,Bac Lieu,5.44,0.0,29.1
2024-01-22,Bac Lieu,5.25,0.0,28.2
2024-01-23,Bac Lieu,5.87,0.0,29.4
2024-01-24,Bac Lieu,5.82,0.0,29.5
2024-01-25,Bac Lieu,5.72,0.0,28.9
2024-01-26,Bac Lieu,5.74,0.0,28.5
2024-01-27,Bac Lieu,5.7,0.0,28.7
2024-01-28,Bac Lieu,5.93,0.0,29.0
2024-01-29,Bac Lieu,6.34,0.7,28.8
2024-01-30,Bac Lieu,5.74,0.0,29.3
2024-01-31,Bac Lieu,6.09,0.0,28.9
2024-02-01,Bac Lieu,5.92,0.0,28.7
2024-02-02,Bac Lieu,5.31,0.0,29.5
2024-02-03,Bac Lieu,6.24,0.0,29.2
2024-02-04,Bac Lieu,5.8,0.0,29.9
2024-02-05,Bac Lieu,5.5,0.0,30.2
2024-02-06,Bac Lieu,6.23,0.0,29.1
2024-02-07,Bac Lieu,6.04,0.0,29.3
2024-02-08,Bac Lieu,6.2,0.0,29.1
2024-02-09,Bac Lieu,6.23,0.0,28.6
2024-02-10,Bac Lieu,5.77,0.0,29.5
2024-02-11,Bac Lieu,6.28,0.0,29.7
2024-02-12,Bac Lieu,6.34,0.0,30.3
2024-02-13,Bac Lieu,6.28,0.0,28.8
2024-02-14,Bac Lieu,6.52,0.0,30.1
2024-02-15,Bac Lieu,6.76,0.0,30.7
2024-02-16,Bac Lieu,6.77,0.0,30.4
2024-02-17,Bac Lieu,5.8,0.0,29.4
2024-02-18,Bac Lieu,6.65,0.0,29.9
2024-02-19,Bac Lieu,6.55,0.0,30.3
2024-02-20,Bac Lieu,6.73,0.0,29.4
2024-02-21,Bac Lieu,6.21,0.0,29.3
2024-02-22,Bac Lieu,6.93,0.0,30.0
2024-02-23,Bac Lieu,6.41,0.0,30.2
2024-02-24,Bac Lieu,6.28,0.0,29.8
2024-02-25,Bac Lieu,6.73,0.0,30.0
2024-02-26,Bac Lieu,6.22,0.0,29.4
2024-02-27,Bac Lieu,6.42,0.0,30.3
2024-02-28,Bac Lieu,6.38,0.0,30.9
2024-02-29,Bac Lieu,6.52,0.0,30.3
2024-03-01,Bac Lieu,6.33,0.0,29.8
2024-03-02,Bac Lieu,6.62,0.0,30.4
2024-03-03,Bac Lieu,6.85,0.0,30.0
2024-03-04,Bac Lieu,6.26,0.0,30.4
2024-03-05,Bac Lieu,6.11,19.7,30.1
2024-03-06,Bac Lieu,6.27,0.0,30.8
2024-03-07,Bac Lieu,6.3,0.0,30.4
2024-03-08,Bac Lieu,5.99,0.0,30.1
2024-03-09,Bac Lieu,6.5,0.0,29.4
2024-03-10,Bac Lieu,6.68,0.0,31.1
2024-03-11,Bac Lieu,6.15,0.0,31.1
2024-03-12,Bac Lieu,6.44,0.0,30.3
2024-03-13,Bac Lieu,6.01,0.0,30.9
2024-03-14,Bac Lieu,6.5,0.0,29.9
2024-03-15,Bac Lieu,6.48,0.0,30.7
2024-03-16,Bac Lieu,5.85,0.0,30.6
2024-03-17,Bac Lieu,6.54,0.0,31.8
2024-03-18,Bac Lieu,6.38,0.0,31.4
2024-03-19,Bac Lieu,6.06,0.0,30.4
2024-03-20,Bac Lieu,6.6,0.0,30.9
2024-03-21,Bac Lieu,5.94,0.0,31.1
2024-03-22,Bac Lieu,5.8,0.0,30.9
2024-03-23,Bac Lieu,6.18,0.0,30.5
2024-03-24,Bac Lieu,6.17,0.0,30.7
2024-03-25,Bac Lieu,5.77,0.0,30.5
2024-03-26,Bac Lieu,5.98,0.5,30.1
2024-03-27,Bac Lieu,6.08,0.0,30.4
2024-03-28,Bac Lieu,6.33,0.0,30.7
2024-03-29,Bac Lieu,5.9,0.0,31.4
2024-03-30,Bac Lieu,6.11,0.0,31.4
2024-03-31,Bac Lieu,5.84,0.0,31.0
2024-04-01,Bac Lieu,5.97,0.0,30.8
2024-04-02,Bac Lieu,6.23,0.0,30.7
2024-04-03,Bac Lieu,6.06,0.0,31.0
2024-04-04,Bac Lieu,5.97,0.0,30.7
2024-04-05,Bac Lieu,4.94,0.0,30.7
2024-04-06,Bac Lieu,5.95,0.0,30.7
2024-04-07,Bac Lieu,5.91,0.0,31.3
2024-04-08,Bac Lieu,5.79,0.0,31.3
2024-04-09,Bac Lieu,5.32,0.0,31.7
2024-04-10,Bac Lieu,5.2,0.0,31.2
2024-04-11,Bac Lieu,5.39,0.0,31.3
2024-04-12,Bac Lieu,5.12,0.0,31.5
2024-04-13,Bac Lieu,5.23,0.0,30.9
2024-04-14,Bac Lieu,5.18,0.0,31.0
2024-04-15,Bac Lieu,4.51,0.0,31.0
2024-04-16,Bac Lieu,4.91,0.0,30.4
2024-04-17,Bac Lieu,5.42,0.0,31.4
2024-04-18,Bac Lieu,5.52,0.0,30.9
2024-04-19,Bac Lieu,5.2,0.0,30.9
2024-04-20,Bac Lieu,4.67,0.0,31.1
2024-04-21,Bac Lieu,4.83,0.0,31.2
2024-04-22,Bac Lieu,4.82,0.0,31.2
2024-04-23,Bac Lieu,4.73,0.0,31.3
2024-04-24,Bac Lieu,4.11,0.0,31.4
2024-04-25,Bac Lieu,4.07,0.0,31.2
2024-04-26,Bac Lieu,4.75,0.0,31.1
2024-04-27,Bac Lieu,4.67,0.0,30.6
2024-04-28,Bac Lieu,4.02,0.0,31.7
2024-04-29,Bac Lieu,4.2,0.0,31.7
2024-04-30,Bac Lieu,4.29,0.0,31.3
2024-05-01,Bac Lieu,4.05,0.0,30.9
2024-05-02,Bac Lieu,3.93,0.0,31.2
2024-05-03,Bac Lieu,3.94,0.0,31.1
2024-05-04,Bac Lieu,4.3,0.0,31.1
2024-05-05,Bac Lieu,3.52,0.0,31.8
2024-05-06,Bac Lieu,3.9,0.0,31.2
2024-05-07,Bac Lieu,3.69,0.0,30.0
2024-05-08,Bac Lieu,3.53,0.0,31.1
2024-05-09,Bac Lieu,3.34,0.0,30.6
2024-05-10,Bac Lieu,3.38,0.0,30.5
2024-05-11,Bac Lieu,3.38,0.0,30.3
2024-05-12,Bac Lieu,3.64,0.0,30.9
2024-05-13,Bac Lieu,3.53,0.0,31.1
2024-05-14,Bac Lieu,3.38,0.0,31.3
2024-05-15,Bac Lieu,3.49,0.0,31.2
2024-05-16,Bac Lieu,3.27,0.0,31.3
2024-05-17,Bac Lieu,2.94,0.0,31.2
2024-05-18,Bac Lieu,2.94,0.5,31.7
2024-05-19,Bac Lieu,2.59,0.0,31.4
2024-05-20,Bac Lieu,2.48,0.7,31.3
2024-05-21,Bac Lieu,2.88,0.0,31.1
2024-05-22,Bac Lieu,2.28,0.0,30.6
2024-05-23,Bac Lieu,2.36,0.0,31.2
2024-05-24,Bac Lieu,2.68,0.0,31.4
2024-05-25,Bac Lieu,2.22,0.0,30.7
2024-05-26,Bac Lieu,2.5,0.0,30.7
2024-05-27,Bac Lieu,2.31,0.0,30.5
2024-05-28,Bac Lieu,2.34,0.0,30.5
2024-05-29,Bac Lieu,2.23,0.0,30.7
2024-05-30,Bac Lieu,2.4,0.0,31.3
2024-05-31,Bac Lieu,2.13,0.0,30.7
2024-06-01,Bac Lieu,2.3,46.1,31.1
2024-06-02,Bac Lieu,1.36,7.7,30.9
2024-06-03,Bac Lieu,1.71,5.8,30.6
2024-06-04,Bac Lieu,1.74,0.0,31.0
2024-06-05,Bac Lieu,1.04,0.0,30.9
2024-06-06,Bac Lieu,1.38,0.0,31.0
2024-06-07,Bac Lieu,1.3,0.0,30.6
2024-06-08,Bac Lieu,1.49,1.2,30.9
2024-06-09,Bac Lieu,1.0,0.0,31.2
2024-06-10,Bac Lieu,0.6,10.2,30.6
2024-06-11,Bac Lieu,1.23,0.0,30.4
2024-06-12,Bac Lieu,1.25,0.0,30.4
2024-06-13,Bac Lieu,1.39,28.9,31.4
2024-06-14,Bac Lieu,1.34,9.6,30.9
2024-06-15,Bac Lieu,0.93,1.0,30.8
2024-06-16,Bac Lieu,1.24,12.1,30.0
2024-06-17,Bac Lieu,0.7,11.7,31.3
2024-06-18,Bac Lieu,1.24,9.8,31.2
2024-06-19,Bac Lieu,1.16,0.0,30.8
2024-06-20,Bac Lieu,1.39,0.0,30.1
2024-06-21,Bac Lieu,1.26,0.0,30.2
2024-06-22,Bac Lieu,1.18,0.0,30.0
2024-06-23,Bac Lieu,1.03,0.0,31.0
2024-06-24,Bac Lieu,0.65,6.7,31.0
2024-06-25,Bac Lieu,1.15,18.4,30.2
2024-06-26,Bac Lieu,0.44,8.9,29.4
2024-06-27,Bac Lieu,1.55,0.0,30.7
2024-06-28,Bac Lieu,1.01,0.0,30.1
2024-06-29,Bac Lieu,1.37,1.1,29.9
2024-06-30,Bac Lieu,1.01,0.0,30.4
2024-07-01,Bac Lieu,1.53,0.0,29.7
2024-07-02,Bac Lieu,0.63,0.0,29.9
2024-07-03,Bac Lieu,1.43,0.0,29.9
2024-07-04,Bac Lieu,1.66,0.0,29.8
2024-07-05,Bac Lieu,0.97,0.0,29.1
2024-07-06,Bac Lieu,1.2,0.6,29.7
2024-07-07,Bac Lieu,1.3,0.0,30.0
2024-07-08,Bac Lieu,1.49,0.0,29.7
2024-07-09,Bac Lieu,1.04,1.8,30.1
2024-07-10,Bac Lieu,0.79,50.3,29.7
2024-07-11,Bac Lieu,0.88,0.0,29.9
2024-07-12,Bac Lieu,0.96,8.8,29.2
2024-07-13,Bac Lieu,1.11,0.0,30.3
2024-07-14,Bac Lieu,0.98,0.0,29.4
2024-07-15,Bac Lieu,1.31,28.9,29.8
2024-07-16,Bac Lieu,1.12,18.9,29.7
2024-07-17,Bac Lieu,1.13,1.5,29.2
2024-07-18,Bac Lieu,0.85,10.4,29.5
2024-07-19,Bac Lieu,0.82,0.6,29.2
2024-07-20,Bac Lieu,1.53,7.6,28.7
2024-07-21,Bac Lieu,0.99,34.9,29.5
2024-07-22,Bac Lieu,0.87,0.9,30.2
2024-07-23,Bac Lieu,0.91,63.4,29.4
2024-07-24,Bac Lieu,1.28,0.0,29.1
2024-07-25,Bac Lieu,0.95,29.8,29.0
2024-07-26,Bac Lieu,1.1,0.7,28.7
2024-07-27,Bac Lieu,1.12,1.3,28.8
2024-07-28,Bac Lieu,1.33,0.0,29.5
2024-07-29,Bac Lieu,1.32,24.8,29.0
2024-07-30,Bac Lieu,0.51,58.4,29.2
2024-07-31,Bac Lieu,1.31,43.5,28.9
2024-08-01,Bac Lieu,1.13,27.9,29.1
2024-08-02,Bac Lieu,0.97,10.9,28.5
2024-08-03,Bac Lieu,0.95,0.0,28.7
2024-08-04,Bac Lieu,1.18,0.0,28.8
2024-08-05,Bac Lieu,1.33,20.5,29.5
2024-08-06,Bac Lieu,0.88,18.8,28.0
2024-08-07,Bac Lieu,1.39,0.7,28.5
2024-08-08,Bac Lieu,0.77,1.0,29.0
2024-08-09,Bac Lieu,0.97,5.4,28.8
2024-08-10,Bac Lieu,0.8,0.7,28.5
2024-08-11,Bac Lieu,0.94,21.6,28.3
2024-08-12,Bac Lieu,0.91,33.7,29.0
2024-08-13,Bac Lieu,1.2,14.1,27.8
2024-08-14,Bac Lieu,1.18,26.3,28.8
2024-08-15,Bac Lieu,1.43,15.4,29.1
2024-08-16,Bac Lieu,0.92,0.4,28.0
2024-08-17,Bac Lieu,1.18,0.8,28.2
2024-08-18,Bac Lieu,1.3,0.5,28.8
2024-08-19,Bac Lieu,0.94,0.0,28.3
2024-08-20,Bac Lieu,0.79,31.7,28.6
2024-08-21,Bac Lieu,0.82,15.0,28.8
2024-08-22,Bac Lieu,0.76,29.3,27.6
2024-08-23,Bac Lieu,0.8,0.4,27.0
2024-08-24,Bac Lieu,1.08,38.8,27.7
2024-08-25,Bac Lieu,1.23,21.0,28.3
2024-08-26,Bac Lieu,1.05,1.2,28.9
2024-08-27,Bac Lieu,0.63,23.6,28.2
2024-08-28,Bac Lieu,0.6,0.0,27.5
2024-08-29,Bac Lieu,0.7,0.0,27.8
2024-08-30,Bac Lieu,0.9,1.3,28.0
2024-08-31,Bac Lieu,1.25,0.0,27.6
2024-09-01,Bac Lieu,1.6,0.8,27.7
2024-09-02,Bac Lieu,0.67,8.9,27.9
2024-09-03,Bac Lieu,1.76,9.9,27.4
2024-09-04,Bac Lieu,1.05,80.0,28.3
2024-09-05,Bac Lieu,1.21,0.0,28.1
2024-09-06,Bac Lieu,1.29,27.0,27.4
2024-09-07,Bac Lieu,1.11,0.0,28.0
2024-09-08,Bac Lieu,0.96,0.0,27.5
2024-09-09,Bac Lieu,0.85,15.0,28.0
2024-09-10,Bac Lieu,1.15,0.0,27.9
2024-09-11,Bac Lieu,1.36,0.0,27.3
2024-09-12,Bac Lieu,1.03,0.0,26.9
2024-09-13,Bac Lieu,1.52,0.0,27.8
2024-09-14,Bac Lieu,1.0,50.2,26.9
2024-09-15,Bac Lieu,1.3,1.1,27.3
2024-09-16,Bac Lieu,1.01,0.4,27.4
2024-09-17,Bac Lieu,1.2,0.8,26.9
2024-09-18,Bac Lieu,0.92,0.8,26.8
2024-09-19,Bac Lieu,1.09,19.8,27.2
2024-09-20,Bac Lieu,1.04,0.0,26.9
2024-09-21,Bac Lieu,1.05,0.0,27.2
2024-09-22,Bac Lieu,1.44,0.0,27.1
2024-09-23,Bac Lieu,0.92,0.0,26.5
2024-09-24,Bac Lieu,1.02,0.0,27.1
2024-09-25,Bac Lieu,1.07,0.4,27.0
2024-09-26,Bac Lieu,1.28,0.0,27.8
2024-09-27,Bac Lieu,1.16,0.9,27.4
2024-09-28,Bac Lieu,1.05,1.8,27.3
2024-09-29,Bac Lieu,0.72,0.0,27.5
2024-09-30,Bac Lieu,1.04,10.7,27.7
2024-10-01,Bac Lieu,0.79,67.7,26.7
2024-10-02,Bac Lieu,1.21,23.4,26.7
2024-10-03,Bac Lieu,1.58,0.8,26.6
2024-10-04,Bac Lieu,1.05,0.0,26.9
2024-10-05,Bac Lieu,1.32,0.0,27.8
2024-10-06,Bac Lieu,1.23,0.9,27.1
2024-10-07,Bac Lieu,1.28,0.0,27.4
2024-10-08,Bac Lieu,1.06,0.5,27.0
2024-10-09,Bac Lieu,1.22,0.4,26.6
2024-10-10,Bac Lieu,1.24,0.0,26.7
2024-10-11,Bac Lieu,1.03,11.7,26.9
2024-10-12,Bac Lieu,0.64,43.6,27.4
2024-10-13,Bac Lieu,1.42,31.6,26.9
2024-10-14,Bac Lieu,0.81,0.0,26.5
2024-10-15,Bac Lieu,0.98,0.8,26.9
2024-10-16,Bac Lieu,1.38,0.0,27.0
2024-10-17,Bac Lieu,1.27,0.0,27.1
2024-10-18,Bac Lieu,0.95,11.4,26.7
2024-10-19,Bac Lieu,1.12,0.0,26.8
2024-10-20,Bac Lieu,1.15,28.2,26.9
2024-10-21,Bac Lieu,1.46,0.0,26.5
2024-10-22,Bac Lieu,1.29,0.6,27.1
2024-10-23,Bac Lieu,0.74,0.5,27.0
2024-10-24,Bac Lieu,1.09,17.1,26.4
2024-10-25,Bac Lieu,1.13,5.7,26.0
2024-10-26,Bac Lieu,0.48,1.0,26.7
2024-10-27,Bac Lieu,1.5,41.6,27.0
2024-10-28,Bac Lieu,0.88,0.0,26.5
2024-10-29,Bac Lieu,0.86,12.7,27.2
2024-10-30,Bac Lieu,0.49,13.4,26.4
2024-10-31,Bac Lieu,1.22,0.0,26.9
2024-11-01,Bac Lieu,0.76,0.0,27.1
2024-11-02,Bac Lieu,1.08,2.1,26.7
2024-11-03,Bac Lieu,1.5,0.0,26.9
2024-11-04,Bac Lieu,1.39,0.0,26.5
2024-11-05,Bac Lieu,1.13,0.0,27.3
2024-11-06,Bac Lieu,1.37,0.0,27.1
2024-11-07,Bac Lieu,0.97,0.0,26.1
2024-11-08,Bac Lieu,0.64,0.6,26.9
2024-11-09,Bac Lieu,1.35,13.2,26.7
2024-11-10,Bac Lieu,1.36,15.3,26.6
2024-11-11,Bac Lieu,0.74,0.0,26.6
2024-11-12,Bac Lieu,1.05,0.0,26.7
2024-11-13,Bac Lieu,0.91,0.0,26.9
2024-11-14,Bac Lieu,1.02,0.0,26.7
2024-11-15,Bac Lieu,1.28,27.0,27.4
2024-11-16,Bac Lieu,1.16,0.0,26.7
2024-11-17,Bac Lieu,0.92,0.7,26.9
2024-11-18,Bac Lieu,1.25,0.0,27.3
2024-11-19,Bac Lieu,1.4,0.0,27.0
2024-11-20,Bac Lieu,1.52,0.0,27.5
2024-11-21,Bac Lieu,1.94,0.0,26.9
2024-11-22,Bac Lieu,1.87,0.0,26.5
2024-11-23,Bac Lieu,1.53,16.3,27.4
2024-11-24,Bac Lieu,1.61,0.0,27.2
2024-11-25,Bac Lieu,1.61,0.0,27.3
2024-11-26,Bac Lieu,1.76,0.0,27.5
2024-11-27,Bac Lieu,1.8,0.0,27.6
2024-11-28,Bac Lieu,1.81,0.0,27.0
2024-11-29,Bac Lieu,2.12,0.0,27.5
2024-11-30,Bac Lieu,2.28,0.0,27.4
2024-12-01,Bac Lieu,2.13,0.0,27.1
2024-12-02,Bac Lieu,2.12,0.0,27.2
2024-12-03,Bac Lieu,2.94,0.0,26.9
2024-12-04,Bac Lieu,2.4,0.0,27.0
2024-12-05,Bac Lieu,2.81,0.0,27.6
2024-12-06,Bac Lieu,2.84,0.5,27.7
2024-12-07,Bac Lieu,2.56,0.0,27.7
2024-12-08,Bac Lieu,3.04,0.0,27.2
2024-12-09,Bac Lieu,3.06,0.0,27.9
2024-12-10,Bac Lieu,3.19,0.0,27.2
2024-12-11,Bac Lieu,3.3,0.0,27.0
2024-12-12,Bac Lieu,2.95,0.0,27.0
2024-12-13,Bac Lieu,2.71,0.0,27.9
2024-12-14,Bac Lieu,3.48,0.0,27.8
2024-12-15,Bac Lieu,3.18,0.0,27.7
2024-12-16,Bac Lieu,3.27,0.0,27.8
2024-12-17,Bac Lieu,3.6,0.0,27.9
2024-12-18,Bac Lieu,3.1,0.0,27.8
2024-12-19,Bac Lieu,3.47,0.0,27.1
2024-12-20,Bac Lieu,3.61,0.0,28.0
2024-12-21,Bac Lieu,3.94,0.0,27.8
2024-12-22,Bac Lieu,3.55,0.0,28.0
2024-12-23,Bac Lieu,3.95,0.0,27.5
2024-12-24,Bac Lieu,3.34,0.0,28.1
2024-12-25,Bac Lieu,3.62,0.0,27.8
2024-12-26,Bac Lieu,4.34,0.0,27.8
2024-12-27,Bac Lieu,3.94,0.0,28.0
2024-12-28,Bac Lieu,3.87,0.0,28.0
2024-12-29,Bac Lieu,4.7,0.0,27.4
2024-12-30,Bac Lieu,4.29,0.0,28.0
2024-01-01,Ben Tre,3.36,0.0,28.0
2024-01-02,Ben Tre,3.56,0.0,28.4
2024-01-03,Ben Tre,3.85,0.0,28.2
2024-01-04,Ben Tre,4.07,0.0,28.5
2024-01-05,Ben Tre,4.0,0.0,27.6
2024-01-06,Ben Tre,3.72,0.0,27.8
2024-01-07,Ben Tre,4.2,0.0,28.6
2024-01-08,Ben Tre,3.93,0.0,28.0
2024-01-09,Ben Tre,4.68,0.0,28.5
2024-01-10,Ben Tre,4.12,0.0,28.6
2024-01-11,Ben Tre,4.06,0.0,27.8
2024-01-12,Ben Tre,4.14,0.0,28.0
2024-01-13,Ben Tre,4.73,0.0,28.9
2024-01-14,Ben Tre,4.15,0.0,28.6
2024-01-15,Ben Tre,4.03,0.0,28.9
2024-01-16,Ben Tre,4.25,0.0,28.4
2024-01-17,Ben Tre,4.62,0.0,28.2
2024-01-18,Ben Tre,4.46,0.0,28.7
2024-01-19,Ben Tre,5.22,0.0,28.6
2024-01-20,Ben Tre,4.59,0.0,28.6
2024-01-21,Ben Tre,4.71,30.6,28.3
2024-01-22,Ben Tre,4.71,0.0,28.8
2024-01-23,Ben Tre,4.82,0.0,28.8
2024-01-24,Ben Tre,4.75,0.0,28.5
2024-01-25,Ben Tre,5.17,0.0,28.7
2024-01-26,Ben Tre,4.83,0.0,29.3
2024-01-27,Ben Tre,4.58,0.0,29.7
2024-01-28,Ben Tre,4.97,0.0,29.0
2024-01-29,Ben Tre,5.05,0.0,28.8
2024-01-30,Ben Tre,4.86,0.0,29.1
2024-01-31,Ben Tre,5.28,0.0,28.8
2024-02-01,Ben Tre,5.48,0.0,28.9
2024-02-02,Ben Tre,5.11,0.0,29.6
2024-02-03,Ben Tre,5.23,0.0,29.6
2024-02-04,Ben Tre,5.12,0.0,29.4
2024-02-05,Ben Tre,5.81,0.0,29.7
2024-02-06,Ben Tre,5.26,0.0,29.9
2024-02-07,Ben Tre,5.66,0.0,29.0
2024-02-08,Ben Tre,5.09,0.0,28.8
2024-02-09,Ben Tre,5.23,0.0,29.8
2024-02-10,Ben Tre,5.27,0.0,29.9
2024-02-11,Ben Tre,5.3,0.0,30.0
2024-02-12,Ben Tre,5.1,0.0,29.1
2024-02-13,Ben Tre,5.24,0.0,29.9
2024-02-14,Ben Tre,5.1,0.0,29.8
2024-02-15,Ben Tre,5.56,0.0,30.1
2024-02-16,Ben Tre,5.56,0.0,29.6
2024-02-17,Ben Tre,5.57,0.0,29.7
2024-02-18,Ben Tre,5.3,0.0,29.5
2024-02-19,Ben Tre,5.37,0.0,29.7
2024-02-20,Ben Tre,5.69,0.0,29.8
2024-02-21,Ben Tre,5.61,0.0,30.0
2024-02-22,Ben Tre,5.73,0.0,29.2
2024-02-23,Ben Tre,5.64,0.0,30.0
2024-02-24,Ben Tre,5.58,0.0,29.4
2024-02-25,Ben Tre,5.39,10.9,29.5
2024-02-26,Ben Tre,5.71,0.0,29.9
2024-02-27,Ben Tre,5.5,0.0,30.2
2024-02-28,Ben Tre,5.64,0.0,30.2
2024-02-29,Ben Tre,5.52,0.0,29.0
2024-03-01,Ben Tre,5.58,0.0,29.4
2024-03-02,Ben Tre,5.39,0.0,29.5
2024-03-03,Ben Tre,5.57,0.0,30.3
2024-03-04,Ben Tre,5.38,0.0,30.5
2024-03-05,Ben Tre,5.55,0.0,30.3
2024-03-06,Ben Tre,5.49,0.0,30.7
2024-03-07,Ben Tre,5.68,0.0,30.5
2024-03-08,Ben Tre,5.71,0.0,29.6
2024-03-09,Ben Tre,5.03,0.0,30.9
2024-03-10,Ben Tre,5.63,0.0,31.0
2024-03-11,Ben Tre,5.44,0.0,30.3
2024-03-12,Ben Tre,5.31,0.0,30.9
2024-03-13,Ben Tre,5.18,0.4,30.1
2024-03-14,Ben Tre,5.41,0.0,30.1
2024-03-15,Ben Tre,5.09,0.0,30.8
2024-03-16,Ben Tre,5.58,0.0,30.9
2024-03-17,Ben Tre,5.08,0.0,31.4
2024-03-18,Ben Tre,5.11,0.0,31.0
2024-03-19,Ben Tre,5.34,0.0,30.7
2024-03-20,Ben Tre,5.19,0.0,30.4
2024-03-21,Ben Tre,5.05,0.0,30.3
2024-03-22,Ben Tre,4.93,22.7,30.6
2024-03-23,Ben Tre,5.04,0.0,30.8
2024-03-24,Ben Tre,5.0,0.0,31.0
2024-03-25,Ben Tre,5.17,0.0,30.4
2024-03-26,Ben Tre,5.57,0.0,30.8
2024-03-27,Ben Tre,4.84,0.0,30.9
2024-03-28,Ben Tre,4.57,0.0,31.0
2024-03-29,Ben Tre,5.11,0.0,30.8
2024-03-30,Ben Tre,5.31,0.0,30.8
2024-03-31,Ben Tre,5.14,0.0,31.5
2024-04-01,Ben Tre,5.01,0.0,30.8
2024-04-02,Ben Tre,4.83,0.0,30.5
2024-04-03,Ben Tre,5.15,0.0,31.2
2024-04-04,Ben Tre,4.76,0.0,31.2
2024-04-05,Ben Tre,4.84,0.0,30.5
2024-04-06,Ben Tre,4.39,0.0,31.3
2024-04-07,Ben Tre,5.05,0.0,30.7
2024-04-08,Ben Tre,4.47,0.0,31.6
2024-04-09,Ben Tre,4.74,0.0,31.6
2024-04-10,Ben Tre,4.84,0.0,30.8
2024-04-11,Ben Tre,4.28,0.0,30.7
2024-04-12,Ben Tre,4.32,0.0,30.5
2024-04-13,Ben Tre,4.04,0.0,31.1
2024-04-14,Ben Tre,4.34,0.0,31.6
2024-04-15,Ben Tre,4.31,0.0,31.4
2024-04-16,Ben Tre,3.72,0.0,31.3
2024-04-17,Ben Tre,3.83,0.0,32.2
2024-04-18,Ben Tre,3.92,0.0,31.2
2024-04-19,Ben Tre,3.95,0.0,31.3
2024-04-20,Ben Tre,4.04,0.0,31.5
2024-04-21,Ben Tre,4.24,0.0,31.0
2024-04-22,Ben Tre,4.61,0.5,32.5
2024-04-23,Ben Tre,4.3,0.0,30.6
2024-04-24,Ben Tre,3.64,0.0,30.8
2024-04-25,Ben Tre,3.79,0.0,31.2
2024-04-26,Ben Tre,3.71,0.0,31.6
2024-04-27,Ben Tre,3.82,0.0,31.3
2024-04-28,Ben Tre,3.69,0.0,30.9
2024-04-29,Ben Tre,3.34,0.0,31.1
2024-04-30,Ben Tre,3.66,0.0,31.9
2024-05-01,Ben Tre,3.6,0.0,30.8
2024-05-02,Ben Tre,3.46,0.0,31.0
2024-05-03,Ben Tre,3.25,0.0,31.4
2024-05-04,Ben Tre,3.31,0.0,30.6
2024-05-05,Ben Tre,3.37,0.0,31.0
2024-05-06,Ben Tre,3.13,0.0,31.0
2024-05-07,Ben Tre,3.58,15.0,31.2
2024-05-08,Ben Tre,3.68,0.4,31.2
2024-05-09,Ben Tre,3.36,0.0,31.3
2024-05-10,Ben Tre,2.57,0.0,31.2
2024-05-11,Ben Tre,2.71,0.0,31.2
2024-05-12,Ben Tre,2.69,0.0,31.3
2024-05-13,Ben Tre,2.87,0.0,31.1
2024-05-14,Ben Tre,2.78,0.0,30.8
2024-05-15,Ben Tre,2.39,0.0,31.4
2024-05-16,Ben Tre,2.89,0.0,30.6
2024-05-17,Ben Tre,2.66,0.0,30.9
2024-05-18,Ben Tre,2.21,0.0,30.8
2024-05-19,Ben Tre,2.23,0.0,31.3
2024-05-20,Ben Tre,2.53,0.0,31.1
2024-05-21,Ben Tre,2.07,0.0,31.4
2024-05-22,Ben Tre,2.09,0.0,30.8
2024-05-23,Ben Tre,2.3,0.0,31.2
2024-05-24,Ben Tre,1.84,0.0,31.3
2024-05-25,Ben Tre,1.57,0.0,31.3
2024-05-26,Ben Tre,1.85,0.0,30.1
2024-05-27,Ben Tre,2.16,0.0,31.3
2024-05-28,Ben Tre,1.64,0.5,31.0
2024-05-29,Ben Tre,1.8,0.0,30.4
2024-05-30,Ben Tre,1.37,0.0,30.3
2024-05-31,Ben Tre,1.61,0.5,30.6
2024-06-01,Ben Tre,1.79,1.9,31.1
2024-06-02,Ben Tre,1.6,0.0,30.9
2024-06-03,Ben Tre,1.46,0.0,31.2
2024-06-04,Ben Tre,1.28,0.0,30.6
2024-06-05,Ben Tre,1.38,0.0,31.0
2024-06-06,Ben Tre,1.16,0.0,29.8
2024-06-07,Ben Tre,1.07,0.0,30.1
2024-06-08,Ben Tre,1.43,0.0,31.0
2024-06-09,Ben Tre,0.82,0.0,30.7
2024-06-10,Ben Tre,0.79,0.0,30.8
2024-06-11,Ben Tre,0.84,0.0,30.3
2024-06-12,Ben Tre,0.67,0.4,30.3
2024-06-13,Ben Tre,0.43,6.3,30.5
2024-06-14,Ben Tre,1.33,0.0,30.6
2024-06-15,Ben Tre,0.59,0.0,30.5
2024-06-16,Ben Tre,0.99,0.0,30.5
2024-06-17,Ben Tre,0.71,0.0,30.3
2024-06-18,Ben Tre,0.82,0.6,30.6
2024-06-19,Ben Tre,0.94,0.0,29.8
2024-06-20,Ben Tre,0.84,0.5,30.2
2024-06-21,Ben Tre,0.62,10.3,29.9
2024-06-22,Ben Tre,0.75,0.0,30.4
2024-06-23,Ben Tre,1.03,1.1,30.4
2024-06-24,Ben Tre,1.38,0.0,30.5
2024-06-25,Ben Tre,1.38,0.0,30.4
2024-06-26,Ben Tre,1.05,0.0,30.2
2024-06-27,Ben Tre,1.18,0.5,30.0
2024-06-28,Ben Tre,0.96,0.0,30.2
2024-06-29,Ben Tre,1.42,0.7,30.1
2024-06-30,Ben Tre,0.94,0.0,29.2
2024-07-01,Ben Tre,0.96,45.7,30.0
2024-07-02,Ben Tre,0.55,0.0,30.2
2024-07-03,Ben Tre,0.77,31.1,30.5
2024-07-04,Ben Tre,1.2,0.0,30.0
2024-07-05,Ben Tre,0.86,0.6,29.5
2024-07-06,Ben Tre,0.47,8.4,29.4
2024-07-07,Ben Tre,1.09,7.1,30.1
2024-07-08,Ben Tre,1.23,0.0,30.0
2024-07-09,Ben Tre,1.09,0.7,29.5
2024-07-10,Ben Tre,0.8,0.0,29.4
2024-07-11,Ben Tre,0.78,0.0,29.5
2024-07-12,Ben Tre,0.65,37.6,29.8
2024-07-13,Ben Tre,0.54,0.0,30.1
2024-07-14,Ben Tre,1.05,25.0,30.2
2024-07-15,Ben Tre,0.69,0.0,29.1
2024-07-16,Ben Tre,1.35,0.9,29.8
2024-07-17,Ben Tre,1.08,0.0,29.4
2024-07-18,Ben Tre,0.97,0.5,29.5
2024-07-19,Ben Tre,1.23,0.0,29.3
2024-07-20,Ben Tre,1.01,0.0,29.5
2024-07-21,Ben Tre,1.11,0.0,28.5
2024-07-22,Ben Tre,1.0,0.0,28.6
2024-07-23,Ben Tre,0.81,34.9,28.5
2024-07-24,Ben Tre,1.11,1.0,28.9
2024-07-25,Ben Tre,0.76,30.9,29.4
2024-07-26,Ben Tre,0.87,0.0,29.6
2024-07-27,Ben Tre,0.97,0.0,29.2
2024-07-28,Ben Tre,0.44,35.6,29.0
2024-07-29,Ben Tre,1.13,37.6,28.9
2024-07-30,Ben Tre,0.87,0.5,28.7
2024-07-31,Ben Tre,1.28,0.0,28.6
2024-08-01,Ben Tre,0.75,0.8,29.4
2024-08-02,Ben Tre,0.86,0.0,29.1
2024-08-03,Ben Tre,0.37,0.0,29.3
2024-08-04,Ben Tre,1.39,0.0,29.1
2024-08-05,Ben Tre,0.95,12.3,27.6
2024-08-06,Ben Tre,0.59,1.0,29.0
2024-08-07,Ben Tre,0.64,12.7,29.4
2024-08-08,Ben Tre,0.97,0.5,29.2
2024-08-09,Ben Tre,0.74,0.0,28.2
2024-08-10,Ben Tre,0.84,0.0,28.4
2024-08-11,Ben Tre,0.96,1.5,29.2
2024-08-12,Ben Tre,1.06,16.8,28.2
2024-08-13,Ben Tre,0.75,0.0,28.5
2024-08-14,Ben Tre,0.78,0.0,28.1
2024-08-15,Ben Tre,0.44,21.9,28.2
2024-08-16,Ben Tre,1.32,0.8,28.3
2024-08-17,Ben Tre,0.98,0.0,27.8
2024-08-18,Ben Tre,1.21,80.0,27.9
2024-08-19,Ben Tre,0.6,0.4,28.1
2024-08-20,Ben Tre,0.66,16.6,28.6
2024-08-21,Ben Tre,0.81,0.0,27.6
2024-08-22,Ben Tre,0.94,1.6,28.2
2024-08-23,Ben Tre,0.66,29.7,27.9
2024-08-24,Ben Tre,0.72,0.0,27.8
2024-08-25,Ben Tre,0.55,18.0,28.4
2024-08-26,Ben Tre,0.56,38.4,28.4
2024-08-27,Ben Tre,0.8,0.0,28.5
2024-08-28,Ben Tre,0.56,2.8,28.1
2024-08-29,Ben Tre,0.82,1.2,27.3
2024-08-30,Ben Tre,1.13,22.1,28.5
2024-08-31,Ben Tre,0.76,34.8,28.1
2024-09-01,Ben Tre,1.05,0.4,27.8
2024-09-02,Ben Tre,0.38,0.7,27.2
2024-09-03,Ben Tre,0.8,10.7,27.8
2024-09-04,Ben Tre,0.99,67.1,27.2
2024-09-05,Ben Tre,0.86,29.3,28.0
2024-09-06,Ben Tre,0.9,11.3,28.3
2024-09-07,Ben Tre,1.04,30.0,27.2
2024-09-08,Ben Tre,1.41,0.5,28.0
2024-09-09,Ben Tre,1.04,36.0,28.1
2024-09-10,Ben Tre,1.0,66.8,27.7
2024-09-11,Ben Tre,0.58,0.6,27.7
2024-09-12,Ben Tre,0.95,15.5,27.0
2024-09-13,Ben Tre,0.92,0.5,27.8
2024-09-14,Ben Tre,1.37,0.9,27.7
2024-09-15,Ben Tre,0.97,0.0,26.8
2024-09-16,Ben Tre,0.84,5.7,27.9
2024-09-17,Ben Tre,1.13,0.7,27.5
2024-09-18,Ben Tre,0.75,0.0,27.5
2024-09-19,Ben Tre,1.19,24.1,27.1
2024-09-20,Ben Tre,0.81,0.0,28.0
2024-09-21,Ben Tre,0.85,6.8,27.3
2024-09-22,Ben Tre,1.33,0.8,27.0
2024-09-23,Ben Tre,0.83,0.4,27.6
2024-09-24,Ben Tre,0.91,0.0,27.1
2024-09-25,Ben Tre,1.25,1.0,26.7
2024-09-26,Ben Tre,1.08,1.5,26.6
2024-09-27,Ben Tre,0.8,0.6,27.3
2024-09-28,Ben Tre,0.31,0.5,26.5
2024-09-29,Ben Tre,0.95,0.0,27.1
2024-09-30,Ben Tre,1.09,0.0,27.0
2024-10-01,Ben Tre,0.64,1.0,26.9
2024-10-02,Ben Tre,0.92,0.0,26.5
2024-10-03,Ben Tre,0.84,13.1,26.8
2024-10-04,Ben Tre,0.84,0.0,26.6
2024-10-05,Ben Tre,1.13,4.9,27.6
2024-10-06,Ben Tre,0.91,0.0,26.7
2024-10-07,Ben Tre,1.4,0.7,26.5
2024-10-08,Ben Tre,0.61,0.0,26.7
2024-10-09,Ben Tre,0.82,13.8,27.8
2024-10-10,Ben Tre,0.84,0.4,27.0
2024-10-11,Ben Tre,0.51,0.0,27.5
2024-10-12,Ben Tre,0.68,0.0,26.2
2024-10-13,Ben Tre,1.05,0.0,27.1
2024-10-14,Ben Tre,0.81,0.0,26.4
2024-10-15,Ben Tre,0.99,0.0,26.2
2024-10-16,Ben Tre,0.73,0.6,27.3
2024-10-17,Ben Tre,1.06,12.9,26.5
2024-10-18,Ben Tre,0.84,0.5,26.4
2024-10-19,Ben Tre,1.11,0.0,26.6
2024-10-20,Ben Tre,0.74,0.9,26.4
2024-10-21,Ben Tre,1.26,0.0,27.3
2024-10-22,Ben Tre,0.91,0.4,26.1
2024-10-23,Ben Tre,0.99,0.0,26.8
2024-10-24,Ben Tre,0.41,0.5,26.6
2024-10-25,Ben Tre,1.19,0.0,26.6
2024-10-26,Ben Tre,0.81,0.0,26.4
2024-10-27,Ben Tre,0.93,0.0,26.8
2024-10-28,Ben Tre,0.89,0.0,27.3
2024-10-29,Ben Tre,0.9,0.0,26.8
2024-10-30,Ben Tre,0.69,0.5,27.6
2024-10-31,Ben Tre,0.83,4.7,26.7
2024-11-01,Ben Tre,0.79,0.0,26.9
2024-11-02,Ben Tre,1.18,30.4,26.6
2024-11-03,Ben Tre,0.79,0.0,26.8
2024-11-04,Ben Tre,1.07,40.2,26.4
2024-11-05,Ben Tre,1.06,0.0,27.1
2024-11-06,Ben Tre,0.98,0.0,26.3
2024-11-07,Ben Tre,0.66,0.4,26.6
2024-11-08,Ben Tre,0.98,0.0,27.3
2024-11-09,Ben Tre,1.02,0.0,27.6
2024-11-10,Ben Tre,0.54,0.0,26.9
2024-11-11,Ben Tre,1.12,0.0,26.9
2024-11-12,Ben Tre,1.21,0.0,27.0
2024-11-13,Ben Tre,0.91,0.0,27.3
2024-11-14,Ben Tre,0.66,0.0,26.9
2024-11-15,Ben Tre,1.18,0.0,26.6
2024-11-16,Ben Tre,0.96,0.0,27.2
2024-11-17,Ben Tre,0.96,1.8,26.8
2024-11-18,Ben Tre,0.81,0.0,27.0
2024-11-19,Ben Tre,0.96,0.0,26.7
2024-11-20,Ben Tre,0.77,0.0,27.0
2024-11-21,Ben Tre,1.4,0.0,27.0
2024-11-22,Ben Tre,0.52,0.5,27.0
2024-11-23,Ben Tre,1.49,0.4,27.4
2024-11-24,Ben Tre,1.67,0.0,26.6
2024-11-25,Ben Tre,1.38,7.3,26.4
2024-11-26,Ben Tre,1.34,6.8,27.0
2024-11-27,Ben Tre,1.47,0.0,27.3
2024-11-28,Ben Tre,1.88,0.0,27.4
2024-11-29,Ben Tre,1.83,0.0,27.8
2024-11-30,Ben Tre,1.86,0.0,26.9
2024-12-01,Ben Tre,1.98,0.6,27.3
2024-12-02,Ben Tre,1.08,0.0,27.0
2024-12-03,Ben Tre,1.88,0.0,26.9
2024-12-04,Ben Tre,2.1,0.6,27.3
2024-12-05,Ben Tre,2.19,0.0,26.9
2024-12-06,Ben Tre,2.22,0.0,26.5
2024-12-07,Ben Tre,2.57,0.0,28.2
2024-12-08,Ben Tre,2.68,0.0,27.1
2024-12-09,Ben Tre,2.4,0.0,27.1
2024-12-10,Ben Tre,2.54,0.0,27.0
2024-12-11,Ben Tre,2.63,0.0,27.2
2024-12-12,Ben Tre,2.13,0.0,27.5
2024-12-13,Ben Tre,2.49,0.0,28.0
2024-12-14,Ben Tre,2.55,0.0,27.5
2024-12-15,Ben Tre,2.5,0.0,27.7
2024-12-16,Ben Tre,2.75,0.0,27.2
2024-12-17,Ben Tre,2.76,0.0,27.7
2024-12-18,Ben Tre,3.29,0.0,26.4
2024-12-19,Ben Tre,3.64,0.0,28.0
2024-12-20,Ben Tre,3.12,0.0,27.9
2024-12-21,Ben Tre,2.96,0.0,28.1
2024-12-22,Ben Tre,3.32,0.0,28.0
2024-12-23,Ben Tre,3.32,0.0,27.4
2024-12-24,Ben Tre,3.07,0.0,28.0
2024-12-25,Ben Tre,3.48,0.0,27.6
2024-12-26,Ben Tre,3.46,0.0,27.8
2024-12-27,Ben Tre,3.07,0.0,27.3
2024-12-28,Ben Tre,3.46,0.0,28.1
2024-12-29,Ben Tre,3.81,0.0,28.2
2024-12-30,Ben Tre,3.54,0.0,27.9
2024-01-01,Ca Mau,4.81,0.0,27.9
2024-01-02,Ca Mau,4.83,0.0,27.8
2024-01-03,Ca Mau,4.59,0.0,27.9
2024-01-04,Ca Mau,4.78,0.0,29.0
2024-01-05,Ca Mau,5.52,5.4,28.2
2024-01-06,Ca Mau,5.14,0.0,28.3
2024-01-07,Ca Mau,5.4,0.0,28.2
2024-01-08,Ca Mau,5.61,0.0,28.6
2024-01-09,Ca Mau,5.21,0.0,28.4
2024-01-10,Ca Mau,5.18,0.0,28.5
2024-01-11,Ca Mau,5.45,0.0,28.7
2024-01-12,Ca Mau,5.33,0.0,29.1
2024-01-13,Ca Mau,6.06,0.0,29.2
2024-01-14,Ca Mau,5.54,0.0,28.6
2024-01-15,Ca Mau,5.47,0.0,28.2
2024-01-16,Ca Mau,5.38,0.0,28.1
2024-01-17,Ca Mau,5.92,0.0,29.0
2024-01-18,Ca Mau,5.93,0.0,28.3
2024-01-19,Ca Mau,6.02,0.0,28.8
2024-01-20,Ca Mau,6.12,4.0,29.1
2024-01-21,Ca Mau,6.2,0.0,28.5
2024-01-22,Ca Mau,6.21,0.0,28.8
2024-01-23,Ca Mau,5.84,0.0,28.4
2024-01-24,Ca Mau,6.37,0.0,28.3
2024-01-25,Ca Mau,6.33,0.0,29.4
2024-01-26,Ca Mau,6.17,0.0,29.1
2024-01-27,Ca Mau,6.43,0.0,28.7
2024-01-28,Ca Mau,6.39,0.0,29.1
2024-01-29,Ca Mau,6.44,0.0,29.3
2024-01-30,Ca Mau,6.7,0.0,28.1
2024-01-31,Ca Mau,6.6,0.0,29.6
2024-02-01,Ca Mau,6.54,0.0,28.9
2024-02-02,Ca Mau,6.5,0.0,29.6
2024-02-03,Ca Mau,6.51,0.0,28.8
2024-02-04,Ca Mau,6.87,0.0,29.5
2024-02-05,Ca Mau,6.55,0.0,29.4
2024-02-06,Ca Mau,6.6,0.0,29.0
2024-02-07,Ca Mau,6.65,0.0,29.3
2024-02-08,Ca Mau,6.75,0.0,28.9
2024-02-09,Ca Mau,6.87,0.0,29.1
2024-02-10,Ca Mau,6.81,0.0,29.2
2024-02-11,Ca Mau,7.28,0.0,30.2
2024-02-12,Ca Mau,6.75,0.0,29.9
2024-02-13,Ca Mau,7.13,0.0,30.2
2024-02-14,Ca Mau,6.99,0.0,29.6
2024-02-15,Ca Mau,7.03,0.0,29.5
2024-02-16,Ca Mau,7.47,0.0,29.7
2024-02-17,Ca Mau,7.16,0.0,29.2
2024-02-18,Ca Mau,7.47,0.0,29.8
2024-02-19,Ca Mau,7.08,0.0,29.4
2024-02-20,Ca Mau,6.86,0.0,29.7
2024-02-21,Ca Mau,7.38,0.0,30.6
2024-02-22,Ca Mau,7.4,0.0,29.9
2024-02-23,Ca Mau,7.02,0.0,29.4
2024-02-24,Ca Mau,7.17,0.0,29.8
2024-02-25,Ca Mau,6.88,0.0,30.1
2024-02-26,Ca Mau,7.38,0.0,29.9
2024-02-27,Ca Mau,7.18,0.0,29.6
2024-02-28,Ca Mau,7.24,0.0,30.0
2024-02-29,Ca Mau,7.25,0.0,29.8
2024-03-01,Ca Mau,7.36,0.0,29.9
2024-03-02,Ca Mau,7.14,0.0,30.2
2024-03-03,Ca Mau,6.78,0.0,30.0
2024-03-04,Ca Mau,7.01,6.5,30.6
2024-03-05,Ca Mau,6.92,0.0,29.6
2024-03-06,Ca Mau,7.08,0.0,30.4
2024-03-07,Ca Mau,7.2,0.0,30.9
2024-03-08,Ca Mau,7.6,0.0,30.7
2024-03-09,Ca Mau,6.85,6.7,30.5
2024-03-10,Ca Mau,7.14,0.0,30.3
2024-03-11,Ca Mau,7.06,0.4,30.7
2024-03-12,Ca Mau,6.91,0.0,30.4
2024-03-13,Ca Mau,6.7,0.0,30.4
2024-03-14,Ca Mau,7.21,0.0,30.5
2024-03-15,Ca Mau,6.79,0.0,30.5
2024-03-16,Ca Mau,6.81,0.0,30.5
2024-03-17,Ca Mau,7.18,0.0,30.5
2024-03-18,Ca Mau,7.08,0.0,30.3
2024-03-19,Ca Mau,6.42,0.0,30.8
2024-03-20,Ca Mau,6.94,0.0,30.8
2024-03-21,Ca Mau,6.66,0.0,30.2
2024-03-22,Ca Mau,6.9,0.0,31.3
2024-03-23,Ca Mau,6.55,0.0,31.0
2024-03-24,Ca Mau,6.6,0.0,31.0
2024-03-25,Ca Mau,6.77,0.0,30.7
2024-03-26,Ca Mau,6.6,0.0,30.5
2024-03-27,Ca Mau,6.71,4.6,30.5
2024-03-28,Ca Mau,6.48,0.0,30.9
2024-03-29,Ca Mau,6.76,0.0,31.3
2024-03-30,Ca Mau,6.24,0.0,30.7
2024-03-31,Ca Mau,5.98,0.0,30.4
2024-04-01,Ca Mau,6.25,0.0,30.0
2024-04-02,Ca Mau,6.43,0.0,31.1
2024-04-03,Ca Mau,6.54,0.0,30.7
2024-04-04,Ca Mau,6.48,5.6,30.8
2024-04-05,Ca Mau,6.13,0.0,30.7
2024-04-06,Ca Mau,6.29,0.0,30.9
2024-04-07,Ca Mau,6.38,0.0,31.8
2024-04-08,Ca Mau,5.98,0.0,30.7
2024-04-09,Ca Mau,6.08,0.0,31.5
2024-04-10,Ca Mau,5.63,0.0,31.6
2024-04-11,Ca Mau,6.4,0.0,30.8
2024-04-12,Ca Mau,6.42,0.0,31.7
2024-04-13,Ca Mau,6.07,0.0,31.3
2024-04-14,Ca Mau,5.78,0.0,31.5
2024-04-15,Ca Mau,6.16,0.0,31.3
2024-04-16,Ca Mau,5.16,0.0,30.7
2024-04-17,Ca Mau,5.23,0.0,31.1
2024-04-18,Ca Mau,6.07,0.0,31.4
2024-04-19,Ca Mau,5.51,0.0,30.6
2024-04-20,Ca Mau,5.4,0.0,31.3
2024-04-21,Ca Mau,5.26,0.0,31.7
2024-04-22,Ca Mau,5.07,0.0,31.9
2024-04-23,Ca Mau,5.67,0.0,31.2
2024-04-24,Ca Mau,5.24,0.0,31.7
2024-04-25,Ca Mau,5.09,0.0,31.0
2024-04-26,Ca Mau,5.21,3.6,30.8
2024-04-27,Ca Mau,5.05,0.0,31.1
2024-04-28,Ca Mau,4.87,0.0,31.9
2024-04-29,Ca Mau,5.02,0.0,31.0
2024-04-30,Ca Mau,4.47,0.0,32.0
2024-05-01,Ca Mau,5.13,0.0,31.5
2024-05-02,Ca Mau,4.56,0.0,31.4
2024-05-03,Ca Mau,4.16,0.0,31.2
2024-05-04,Ca Mau,4.33,0.0,30.9
2024-05-05,Ca Mau,4.12,0.0,31.1
2024-05-06,Ca Mau,4.19,0.0,31.0
2024-05-07,Ca Mau,4.34,0.5,30.2
2024-05-08,Ca Mau,3.84,0.0,30.7
2024-05-09,Ca Mau,4.02,0.0,31.0
2024-05-10,Ca Mau,3.89,0.0,31.6
2024-05-11,Ca Mau,3.39,0.0,31.1
2024-05-12,Ca Mau,3.77,0.0,31.0
2024-05-13,Ca Mau,3.09,0.0,31.0
2024-05-14,Ca Mau,3.36,10.8,31.2
2024-05-15,Ca Mau,3.09,0.0,31.1
2024-05-16,Ca Mau,3.28,0.0,31.2
2024-05-17,Ca Mau,3.26,0.0,31.3
2024-05-18,Ca Mau,2.99,0.0,31.2
2024-05-19,Ca Mau,3.15,0.0,30.9
2024-05-20,Ca Mau,3.01,0.0,30.4
2024-05-21,Ca Mau,3.35,0.5,30.8
2024-05-22,Ca Mau,2.89,0.0,31.1
2024-05-23,Ca Mau,3.09,0.0,30.6
2024-05-24,Ca Mau,2.49,0.0,30.3
2024-05-25,Ca Mau,2.61,0.0,30.6
2024-05-26,Ca Mau,2.86,0.0,32.0
2024-05-27,Ca Mau,2.36,0.0,31.2
2024-05-28,Ca Mau,2.66,0.0,31.0
2024-05-29,Ca Mau,1.97,0.0,30.6
2024-05-30,Ca Mau,2.36,0.0,31.2
2024-05-31,Ca Mau,2.11,18.6,30.8
2024-06-01,Ca Mau,2.0,0.0,31.3
2024-06-02,Ca Mau,1.7,0.0,30.9
2024-06-03,Ca Mau,1.63,0.0,30.9
2024-06-04,Ca Mau,1.5,0.0,31.1
2024-06-05,Ca Mau,1.65,0.0,30.5
2024-06-06,Ca Mau,1.51,0.0,30.9
2024-06-07,Ca Mau,1.35,0.0,30.4
2024-06-08,Ca Mau,1.96,0.0,31.3
2024-06-09,Ca Mau,1.64,15.2,30.9
2024-06-10,Ca Mau,1.22,0.0,30.4
2024-06-11,Ca Mau,0.89,0.0,30.5
2024-06-12,Ca Mau,1.17,0.4,30.9
2024-06-13,Ca Mau,1.06,0.0,31.0
2024-06-14,Ca Mau,1.23,0.0,30.8
2024-06-15,Ca Mau,1.32,0.6,31.2
2024-06-16,Ca Mau,1.27,0.0,31.3
2024-06-17,Ca Mau,1.17,0.0,30.3
2024-06-18,Ca Mau,1.13,0.0,29.8
2024-06-19,Ca Mau,1.5,0.0,30.7
2024-06-20,Ca Mau,1.8,0.0,30.3
2024-06-21,Ca Mau,1.11,30.0,30.5
2024-06-22,Ca Mau,0.98,17.3,30.2
2024-06-23,Ca Mau,1.51,0.0,30.3
2024-06-24,Ca Mau,1.2,0.0,31.0
2024-06-25,Ca Mau,0.86,0.6,30.0
2024-06-26,Ca Mau,0.89,25.1,30.3
2024-06-27,Ca Mau,1.37,11.3,29.7
2024-06-28,Ca Mau,1.26,49.3,30.2
2024-06-29,Ca Mau,1.18,0.0,30.8
2024-06-30,Ca Mau,1.65,0.7,29.8
2024-07-01,Ca Mau,1.18,0.0,30.0
2024-07-02,Ca Mau,1.44,5.3,30.2
2024-07-03,Ca Mau,1.07,0.0,30.1
2024-07-04,Ca Mau,1.46,0.0,30.1
2024-07-05,Ca Mau,1.26,0.0,30.2
2024-07-06,Ca Mau,1.26,21.4,30.2
2024-07-07,Ca Mau,0.97,34.9,30.0
2024-07-08,Ca Mau,1.49,0.0,29.6
2024-07-09,Ca Mau,1.26,16.0,29.0
2024-07-10,Ca Mau,1.31,13.5,30.1
2024-07-11,Ca Mau,0.89,46.5,29.7
2024-07-12,Ca Mau,1.78,30.4,29.9
2024-07-13,Ca Mau,1.43,0.0,30.3
2024-07-14,Ca Mau,1.18,0.0,29.8
2024-07-15,Ca Mau,1.13,0.0,29.3
2024-07-16,Ca Mau,1.23,0.0,29.8
2024-07-17,Ca Mau,1.66,0.0,29.7
2024-07-18,Ca Mau,1.25,0.0,29.3
2024-07-19,Ca Mau,1.39,0.5,29.2
2024-07-20,Ca Mau,1.23,0.0,29.7
2024-07-21,Ca Mau,1.14,9.6,30.0
2024-07-22,Ca Mau,1.1,0.0,28.7
2024-07-23,Ca Mau,1.13,1.6,29.2
2024-07-24,Ca Mau,0.97,29.8,28.7
2024-07-25,Ca Mau,1.36,18.3,29.4
2024-07-26,Ca Mau,0.89,0.5,29.6
2024-07-27,Ca Mau,1.43,67.8,29.9
2024-07-28,Ca Mau,1.57,0.5,29.1
2024-07-29,Ca Mau,1.32,0.0,29.2
2024-07-30,Ca Mau,0.69,30.4,28.4
2024-07-31,Ca Mau,0.97,14.5,29.2
2024-08-01,Ca Mau,1.48,10.6,28.1
2024-08-02,Ca Mau,1.46,1.2,28.8
2024-08-03,Ca Mau,0.95,0.5,28.8
2024-08-04,Ca Mau,1.17,0.5,28.8
2024-08-05,Ca Mau,1.02,45.4,28.5
2024-08-06,Ca Mau,1.56,1.3,29.7
2024-08-07,Ca Mau,0.85,32.0,28.5
2024-08-08,Ca Mau,1.12,0.0,28.6
2024-08-09,Ca Mau,1.91,0.5,29.3
2024-08-10,Ca Mau,1.19,0.0,29.1
2024-08-11,Ca Mau,0.86,24.3,28.2
2024-08-12,Ca Mau,1.34,30.5,28.9
2024-08-13,Ca Mau,1.5,5.4,28.2
2024-08-14,Ca Mau,0.94,16.7,26.9
2024-08-15,Ca Mau,1.11,0.0,28.8
2024-08-16,Ca Mau,1.59,18.5,28.3
2024-08-17,Ca Mau,0.8,1.6,27.8
2024-08-18,Ca Mau,1.2,0.5,28.9
2024-08-19,Ca Mau,1.04,0.0,27.9
2024-08-20,Ca Mau,1.46,0.5,28.3
2024-08-21,Ca Mau,1.16,14.9,28.3
2024-08-22,Ca Mau,1.26,13.8,27.8
2024-08-23,Ca Mau,0.83,17.7,28.6
2024-08-24,Ca Mau,0.95,26.3,28.0
2024-08-25,Ca Mau,1.52,0.0,28.1
2024-08-26,Ca Mau,1.09,0.0,27.8
2024-08-27,Ca Mau,1.29,17.8,27.2
2024-08-28,Ca Mau,1.5,0.0,28.1
2024-08-29,Ca Mau,1.39,12.2,27.7
2024-08-30,Ca Mau,1.38,0.9,27.3
2024-08-31,Ca Mau,0.88,0.0,27.7
2024-09-01,Ca Mau,1.07,0.5,28.3
2024-09-02,Ca Mau,1.8,0.6,28.0
2024-09-03,Ca Mau,1.1,0.0,27.9
2024-09-04,Ca Mau,1.13,19.9,27.1
2024-09-05,Ca Mau,1.32,0.0,27.0
2024-09-06,Ca Mau,1.65,2.0,27.6
2024-09-07,Ca Mau,1.08,14.8,28.2
2024-09-08,Ca Mau,1.0,0.0,28.0
2024-09-09,Ca Mau,0.87,0.0,27.4
2024-09-10,Ca Mau,1.2,10.1,27.7
2024-09-11,Ca Mau,1.21,32.9,27.3
2024-09-12,Ca Mau,1.27,1.1,27.2
2024-09-13,Ca Mau,0.87,29.8,27.5
2024-09-14,Ca Mau,0.9,9.9,28.0
2024-09-15,Ca Mau,1.14,0.0,27.3
2024-09-16,Ca Mau,0.84,41.3,27.1
2024-09-17,Ca Mau,1.33,0.0,27.4
2024-09-18,Ca Mau,1.17,0.0,27.0
2024-09-19,Ca Mau,0.98,0.0,27.2
2024-09-20,Ca Mau,0.87,0.0,27.2
2024-09-21,Ca Mau,1.24,16.4,27.6
2024-09-22,Ca Mau,1.46,22.5,27.2
2024-09-23,Ca Mau,1.17,17.1,27.2
2024-09-24,Ca Mau,0.96,15.3,27.4
2024-09-25,Ca Mau,1.39,0.0,27.0
2024-09-26,Ca Mau,1.46,0.4,27.4
2024-09-27,Ca Mau,1.24,19.3,27.5
2024-09-28,Ca Mau,1.44,16.1,26.9
2024-09-29,Ca Mau,0.79,1.3,27.3
2024-09-30,Ca Mau,0.73,0.6,27.0
2024-10-01,Ca Mau,1.51,1.0,27.4
2024-10-02,Ca Mau,1.1,35.3,27.1
2024-10-03,Ca Mau,0.67,8.4,27.7
2024-10-04,Ca Mau,1.17,0.0,26.7
2024-10-05,Ca Mau,1.23,0.4,26.6
2024-10-06,Ca Mau,1.24,0.0,27.0
2024-10-07,Ca Mau,1.42,0.0,26.8
2024-10-08,Ca Mau,1.07,0.0,27.2
2024-10-09,Ca Mau,1.0,0.0,27.1
2024-10-10,Ca Mau,1.09,0.0,27.1
2024-10-11,Ca Mau,1.13,1.5,26.8
2024-10-12,Ca Mau,1.01,4.9,26.7
2024-10-13,Ca Mau,1.06,0.0,27.1
2024-10-14,Ca Mau,1.11,37.2,26.7
2024-10-15,Ca Mau,1.23,46.1,27.0
2024-10-16,Ca Mau,0.94,10.7,26.2
2024-10-17,Ca Mau,0.94,1.6,27.1
2024-10-18,Ca Mau,1.14,0.4,26.7
2024-10-19,Ca Mau,1.03,0.5,27.1
2024-10-20,Ca Mau,1.21,53.3,26.8
2024-10-21,Ca Mau,0.96,19.4,26.7
2024-10-22,Ca Mau,0.92,23.9,26.6
2024-10-23,Ca Mau,1.32,0.7,27.2
2024-10-24,Ca Mau,1.18,0.0,27.0
2024-10-25,Ca Mau,1.0,0.0,26.6
2024-10-26,Ca Mau,1.59,0.0,26.7
2024-10-27,Ca Mau,1.04,0.0,26.8
2024-10-28,Ca Mau,0.82,11.2,27.0
2024-10-29,Ca Mau,1.44,0.0,27.6
2024-10-30,Ca Mau,1.17,0.0,26.3
2024-10-31,Ca Mau,1.4,25.8,26.4
2024-11-01,Ca Mau,1.8,0.0,26.7
2024-11-02,Ca Mau,1.51,9.6,26.4
2024-11-03,Ca Mau,1.12,0.8,26.4
2024-11-04,Ca Mau,0.88,0.0,26.7
2024-11-05,Ca Mau,0.86,0.0,26.8
2024-11-06,Ca Mau,0.98,5.5,27.2
2024-11-07,Ca Mau,0.89,0.4,26.5
2024-11-08,Ca Mau,0.74,0.0,27.3
2024-11-09,Ca Mau,1.57,0.0,26.2
2024-11-10,Ca Mau,1.08,0.0,27.3
2024-11-11,Ca Mau,1.1,10.2,26.9
2024-11-12,Ca Mau,1.47,30.0,26.8
2024-11-13,Ca Mau,0.73,0.0,27.1
2024-11-14,Ca Mau,1.06,0.0,26.7
2024-11-15,Ca Mau,1.18,9.4,26.9
2024-11-16,Ca Mau,1.28,0.0,26.8
2024-11-17,Ca Mau,1.27,0.0,27.7
2024-11-18,Ca Mau,1.03,0.0,27.2
2024-11-19,Ca Mau,1.4,12.0,26.8
2024-11-20,Ca Mau,1.39,9.4,27.4
2024-11-21,Ca Mau,1.75,0.0,26.7
2024-11-22,Ca Mau,1.67,0.0,27.0
2024-11-23,Ca Mau,1.44,0.0,26.6
2024-11-24,Ca Mau,2.36,0.0,26.6
2024-11-25,Ca Mau,2.11,0.4,27.8
2024-11-26,Ca Mau,2.04,0.0,27.7
2024-11-27,Ca Mau,1.71,0.0,27.1
2024-11-28,Ca Mau,2.06,0.0,26.6
2024-11-29,Ca Mau,2.11,0.0,26.8
2024-11-30,Ca Mau,1.98,0.0,27.4
2024-12-01,Ca Mau,2.33,5.0,27.2
2024-12-02,Ca Mau,2.56,0.0,27.1
2024-12-03,Ca Mau,2.5,0.0,27.1
2024-12-04,Ca Mau,2.48,0.0,27.0
2024-12-05,Ca Mau,2.97,0.0,27.4
2024-12-06,Ca Mau,2.82,0.0,27.7
2024-12-07,Ca Mau,2.62,0.0,27.2
2024-12-08,Ca Mau,2.88,11.5,27.7
2024-12-09,Ca Mau,2.65,0.0,27.3
2024-12-10,Ca Mau,3.54,0.0,26.7
2024-12-11,Ca Mau,3.15,0.0,27.3
2024-12-12,Ca Mau,3.06,0.0,27.3
2024-12-13,Ca Mau,3.42,0.0,27.5
2024-12-14,Ca Mau,3.49,0.0,26.9
2024-12-15,Ca Mau,3.99,0.0,26.6
2024-12-16,Ca Mau,3.08,0.0,27.9
2024-12-17,Ca Mau,3.52,0.0,27.3
2024-12-18,Ca Mau,3.82,0.0,27.6
2024-12-19,Ca Mau,3.65,0.0,27.4
2024-12-20,Ca Mau,3.62,0.0,27.8
2024-12-21,Ca Mau,3.9,0.0,27.8
2024-12-22,Ca Mau,4.46,0.0,27.6
2024-12-23,Ca Mau,4.4,0.0,27.7
2024-12-24,Ca Mau,4.67,0.5,28.0
2024-12-25,Ca Mau,4.49,0.0,28.1
2024-12-26,Ca Mau,4.68,0.0,28.4
2024-12-27,Ca Mau,3.91,16.6,27.3
2024-12-28,Ca Mau,4.99,0.0,28.3
2024-12-29,Ca Mau,4.57,0.0,26.9
2024-12-30,Ca Mau,4.98,0.0,28.6
2024-01-01,Kien Giang,3.24,0.0,28.2
2024-01-02,Kien Giang,2.84,0.0,28.1
2024-01-03,Kien Giang,3.47,0.0,28.5
2024-01-04,Kien Giang,3.38,0.0,27.9
2024-01-05,Kien Giang,3.49,0.0,27.5
2024-01-06,Kien Giang,3.72,0.0,27.8
2024-01-07,Kien Giang,3.61,0.0,28.5
2024-01-08,Kien Giang,3.34,0.0,28.3
2024-01-09,Kien Giang,3.64,0.0,27.9
2024-01-10,Kien Giang,3.9,0.0,28.0
2024-01-11,Kien Giang,3.9,0.0,28.6
2024-01-12,Kien Giang,3.76,0.0,28.0
2024-01-13,Kien Giang,3.71,0.0,28.9
2024-01-14,Kien Giang,4.14,0.0,28.7
2024-01-15,Kien Giang,3.61,0.0,28.3
2024-01-16,Kien Giang,4.33,0.0,29.1
2024-01-17,Kien Giang,3.54,0.0,28.3
2024-01-18,Kien Giang,4.25,0.0,28.4
2024-01-19,Kien Giang,3.94,0.0,29.0
2024-01-20,Kien Giang,3.86,0.0,28.5
2024-01-21,Kien Giang,4.19,0.0,28.7
2024-01-22,Kien Giang,3.91,0.0,28.9
2024-01-23,Kien Giang,4.17,0.0,28.9
2024-01-24,Kien Giang,4.1,0.0,28.9
2024-01-25,Kien Giang,3.86,0.5,28.8
2024-01-26,Kien Giang,4.18,0.0,29.3
2024-01-27,Kien Giang,4.64,0.4,28.7
2024-01-28,Kien Giang,4.52,0.0,29.4
2024-01-29,Kien Giang,4.45,0.0,28.8
2024-01-30,Kien Giang,4.12,0.0,29.1
2024-01-31,Kien Giang,4.17,0.0,29.1
2024-02-01,Kien Giang,4.62,0.0,28.9
2024-02-02,Kien Giang,4.86,0.0,29.8
2024-02-03,Kien Giang,4.46,0.0,29.1
2024-02-04,Kien Giang,4.69,0.0,29.6
2024-02-05,Kien Giang,4.99,0.0,29.3
2024-02-06,Kien Giang,4.34,0.0,28.9
2024-02-07,Kien Giang,4.47,0.0,29.7
2024-02-08,Kien Giang,4.46,0.0,29.4
2024-02-09,Kien Giang,4.71,0.0,29.6
2024-02-10,Kien Giang,4.9,0.0,29.5
2024-02-11,Kien Giang,4.08,0.0,30.0
2024-02-12,Kien Giang,5.19,0.0,29.3
2024-02-13,Kien Giang,4.59,0.0,29.8
2024-02-14,Kien Giang,4.6,0.0,29.8
2024-02-15,Kien Giang,4.96,0.0,29.8
2024-02-16,Kien Giang,4.32,0.0,29.4
2024-02-17,Kien Giang,4.78,0.0,29.8
2024-02-18,Kien Giang,4.61,0.0,29.5
2024-02-19,Kien Giang,4.9,0.0,29.8
2024-02-20,Kien Giang,4.94,0.0,29.4
2024-02-21,Kien Giang,4.61,0.5,29.7
2024-02-22,Kien Giang,4.83,0.0,29.7
2024-02-23,Kien Giang,4.18,0.0,30.1
2024-02-24,Kien Giang,5.05,0.0,29.4
2024-02-25,Kien Giang,4.81,0.0,29.6
2024-02-26,Kien Giang,5.12,0.0,30.7
2024-02-27,Kien Giang,4.94,0.0,30.1
2024-02-28,Kien Giang,4.83,0.0,29.9
2024-02-29,Kien Giang,5.19,0.0,29.4
2024-03-01,Kien Giang,5.06,0.0,30.4
2024-03-02,Kien Giang,4.56,0.0,30.4
2024-03-03,Kien Giang,4.53,0.0,29.9
2024-03-04,Kien Giang,4.83,0.0,30.1
2024-03-05,Kien Giang,4.74,17.4,31.3
2024-03-06,Kien Giang,4.86,0.0,31.0
2024-03-07,Kien Giang,5.23,0.0,29.5
2024-03-08,Kien Giang,4.73,0.0,30.2
2024-03-09,Kien Giang,4.5,0.0,30.0
2024-03-10,Kien Giang,4.54,0.0,30.7
2024-03-11,Kien Giang,4.87,0.0,30.8
2024-03-12,Kien Giang,4.67,0.0,30.7
2024-03-13,Kien Giang,4.55,0.0,30.0
2024-03-14,Kien Giang,5.16,0.0,30.9
2024-03-15,Kien Giang,4.84,0.0,30.8
2024-03-16,Kien Giang,5.11,0.0,30.5
2024-03-17,Kien Giang,4.87,0.0,30.1
2024-03-18,Kien Giang,4.4,0.0,30.4
2024-03-19,Kien Giang,5.35,0.0,30.7
2024-03-20,Kien Giang,4.63,0.0,30.4
2024-03-21,Kien Giang,4.44,0.0,30.9
2024-03-22,Kien Giang,4.15,0.0,30.3
2024-03-23,Kien Giang,4.87,0.6,30.9
2024-03-24,Kien Giang,4.6,0.0,31.1
2024-03-25,Kien Giang,4.18,0.0,30.7
2024-03-26,Kien Giang,4.77,0.0,30.1
2024-03-27,Kien Giang,4.48,0.0,31.7
2024-03-28,Kien Giang,4.34,0.0,30.0
2024-03-29,Kien Giang,4.35,0.0,31.2
2024-03-30,Kien Giang,4.34,0.0,30.3
2024-03-31,Kien Giang,4.06,0.0,31.0
2024-04-01,Kien Giang,4.04,0.0,31.2
2024-04-02,Kien Giang,4.5,0.0,31.0
2024-04-03,Kien Giang,4.72,0.0,31.1
2024-04-04,Kien Giang,3.96,0.0,31.1
2024-04-05,Kien Giang,4.37,0.0,31.2
2024-04-06,Kien Giang,4.37,0.0,30.7
2024-04-07,Kien Giang,4.4,0.0,30.8
2024-04-08,Kien Giang,4.86,0.0,31.1
2024-04-09,Kien Giang,3.88,0.0,30.7
2024-04-10,Kien Giang,4.16,0.0,31.3
2024-04-11,Kien Giang,3.95,7.4,31.0
2024-04-12,Kien Giang,3.57,0.0,30.6
2024-04-13,Kien Giang,3.93,0.0,31.2
2024-04-14,Kien Giang,3.59,0.0,31.5
2024-04-15,Kien Giang,3.82,0.0,31.0
2024-04-16,Kien Giang,3.84,0.0,30.9
2024-04-17,Kien Giang,3.48,0.0,31.1
2024-04-18,Kien Giang,3.8,0.0,31.2
2024-04-19,Kien Giang,3.95,0.0,30.8
2024-04-20,Kien Giang,3.8,0.0,31.5
2024-04-21,Kien Giang,3.69,0.0,31.3
2024-04-22,Kien Giang,3.8,0.0,31.1
2024-04-23,Kien Giang,2.94,0.0,30.7
2024-04-24,Kien Giang,3.53,0.0,31.2
2024-04-25,Kien Giang,3.34,0.0,31.2
2024-04-26,Kien Giang,3.67,0.0,31.4
2024-04-27,Kien Giang,3.33,0.0,31.1
2024-04-28,Kien Giang,3.53,0.0,31.0
2024-04-29,Kien Giang,3.4,0.0,31.4
2024-04-30,Kien Giang,3.37,0.0,31.2
2024-05-01,Kien Giang,2.61,0.0,31.2
2024-05-02,Kien Giang,3.0,0.0,30.9
2024-05-03,Kien Giang,2.79,0.0,31.1
2024-05-04,Kien Giang,2.72,0.0,31.7
2024-05-05,Kien Giang,2.86,0.0,31.9
2024-05-06,Kien Giang,2.41,0.0,31.1
2024-05-07,Kien Giang,3.09,0.0,30.2
2024-05-08,Kien Giang,2.83,0.0,31.4
2024-05-09,Kien Giang,2.63,0.4,31.6
2024-05-10,Kien Giang,2.95,0.0,31.1
2024-05-11,Kien Giang,2.86,0.0,30.8
2024-05-12,Kien Giang,2.62,0.0,31.0
2024-05-13,Kien Giang,2.35,0.0,31.3
2024-05-14,Kien Giang,2.46,0.0,30.7
2024-05-15,Kien Giang,2.67,17.0,31.4
2024-05-16,Kien Giang,2.17,0.0,31.1
2024-05-17,Kien Giang,2.55,0.0,31.6
2024-05-18,Kien Giang,2.07,0.0,31.0
2024-05-19,Kien Giang,2.0,0.0,31.4
2024-05-20,Kien Giang,2.29,0.0,30.7
2024-05-21,Kien Giang,2.1,0.0,31.9
2024-05-22,Kien Giang,1.74,0.0,30.7
2024-05-23,Kien Giang,1.93,0.0,31.1
2024-05-24,Kien Giang,1.94,0.0,30.8
2024-05-25,Kien Giang,1.78,0.0,30.9
2024-05-26,Kien Giang,1.81,0.0,30.9
2024-05-27,Kien Giang,1.65,0.0,31.0
2024-05-28,Kien Giang,1.43,0.0,31.2
2024-05-29,Kien Giang,1.65,0.0,31.6
2024-05-30,Kien Giang,1.47,0.0,31.3
2024-05-31,Kien Giang,2.05,0.0,31.0
2024-06-01,Kien Giang,1.34,2.2,31.0
2024-06-02,Kien Giang,1.31,0.0,30.4
2024-06-03,Kien Giang,1.41,13.0,31.0
2024-06-04,Kien Giang,1.04,0.0,30.0
2024-06-05,Kien Giang,1.87,13.0,30.1
2024-06-06,Kien Giang,1.26,0.0,30.9
2024-06-07,Kien Giang,1.22,0.0,30.4
2024-06-08,Kien Giang,0.78,0.0,30.6
2024-06-09,Kien Giang,1.0,0.0,30.8
2024-06-10,Kien Giang,0.99,0.0,30.5
2024-06-11,Kien Giang,0.37,0.0,30.1
2024-06-12,Kien Giang,0.84,0.0,30.5
2024-06-13,Kien Giang,0.9,23.3,30.0
2024-06-14,Kien Giang,0.2,0.0,30.7
2024-06-15,Kien Giang,0.78,11.4,30.5
2024-06-16,Kien Giang,0.97,15.2,30.5
2024-06-17,Kien Giang,0.33,5.9,30.5
2024-06-18,Kien Giang,0.72,0.5,30.5
2024-06-19,Kien Giang,0.73,0.0,29.6
2024-06-20,Kien Giang,0.71,0.0,30.6
2024-06-21,Kien Giang,0.76,0.0,30.9
2024-06-22,Kien Giang,0.55,19.4,31.1
2024-06-23,Kien Giang,0.89,0.0,29.4
2024-06-24,Kien Giang,0.59,0.0,30.5
2024-06-25,Kien Giang,0.98,0.0,29.9
2024-06-26,Kien Giang,0.77,0.0,30.5
2024-06-27,Kien Giang,0.89,0.0,30.4
2024-06-28,Kien Giang,0.58,0.0,30.8
2024-06-29,Kien Giang,0.52,0.0,30.2
2024-06-30,Kien Giang,0.72,0.0,30.0
2024-07-01,Kien Giang,0.98,0.0,31.0
2024-07-02,Kien Giang,0.98,20.3,30.2
2024-07-03,Kien Giang,0.76,0.0,29.6
2024-07-04,Kien Giang,0.34,0.8,30.0
2024-07-05,Kien Giang,0.45,3.6,29.2
2024-07-06,Kien Giang,1.15,0.8,29.7
2024-07-07,Kien Giang,1.32,10.3,29.9
2024-07-08,Kien Giang,0.65,16.5,30.1
2024-07-09,Kien Giang,0.72,0.0,29.6
2024-07-10,Kien Giang,0.48,0.0,30.6
2024-07-11,Kien Giang,0.77,25.2,29.3
2024-07-12,Kien Giang,1.01,0.9,29.7
2024-07-13,Kien Giang,0.96,0.5,29.7
2024-07-14,Kien Giang,0.83,0.0,29.8
2024-07-15,Kien Giang,0.94,0.7,30.0
2024-07-16,Kien Giang,0.51,0.0,28.7
2024-07-17,Kien Giang,1.18,17.1,29.0
2024-07-18,Kien Giang,0.92,1.3,29.1
2024-07-19,Kien Giang,0.51,0.0,28.9
2024-07-20,Kien Giang,0.76,51.0,29.4
2024-07-21,Kien Giang,0.94,8.4,29.0
2024-07-22,Kien Giang,0.49,0.0,29.3
2024-07-23,Kien Giang,0.71,0.0,29.1
2024-07-24,Kien Giang,0.63,0.0,29.2
2024-07-25,Kien Giang,0.59,23.1,29.2
2024-07-26,Kien Giang,1.03,0.4,29.0
2024-07-27,Kien Giang,1.08,0.0,29.0
2024-07-28,Kien Giang,0.99,0.5,29.7
2024-07-29,Kien Giang,1.35,26.2,29.2
2024-07-30,Kien Giang,0.88,40.3,29.3
2024-07-31,Kien Giang,0.87,0.5,29.6
2024-08-01,Kien Giang,1.16,1.7,28.7
2024-08-02,Kien Giang,1.3,0.0,28.3
2024-08-03,Kien Giang,1.03,1.7,28.2
2024-08-04,Kien Giang,1.15,1.0,28.5
2024-08-05,Kien Giang,0.62,0.0,28.8
2024-08-06,Kien Giang,1.18,0.0,29.1
2024-08-07,Kien Giang,0.68,0.0,28.0
2024-08-08,Kien Giang,0.97,0.8,29.4
2024-08-09,Kien Giang,0.85,0.0,29.0
2024-08-10,Kien Giang,0.71,1.0,28.4
2024-08-11,Kien Giang,0.74,0.0,29.3
2024-08-12,Kien Giang,0.23,0.7,28.7
2024-08-13,Kien Giang,0.53,1.3,27.8
2024-08-14,Kien Giang,0.62,0.0,28.7
2024-08-15,Kien Giang,0.64,14.4,28.5
2024-08-16,Kien Giang,1.21,25.7,27.5
2024-08-17,Kien Giang,1.04,7.7,27.7
2024-08-18,Kien Giang,0.81,16.5,28.3
2024-08-19,Kien Giang,0.55,39.0,28.1
2024-08-20,Kien Giang,0.96,42.7,28.9
2024-08-21,Kien Giang,0.73,12.6,28.0
2024-08-22,Kien Giang,1.15,0.0,27.6
2024-08-23,Kien Giang,0.71,17.3,28.4
2024-08-24,Kien Giang,1.2,0.0,28.3
2024-08-25,Kien Giang,0.9,0.4,28.1
2024-08-26,Kien Giang,0.39,19.7,27.6
2024-08-27,Kien Giang,0.45,0.9,27.6
2024-08-28,Kien Giang,0.7,0.0,27.9
2024-08-29,Kien Giang,1.0,40.8,27.8
2024-08-30,Kien Giang,0.85,32.9,27.4
2024-08-31,Kien Giang,0.82,23.6,27.8
2024-09-01,Kien Giang,0.86,17.9,27.6
2024-09-02,Kien Giang,0.82,0.0,27.5
2024-09-03,Kien Giang,1.28,1.2,27.9
2024-09-04,Kien Giang,0.8,0.6,28.0
2024-09-05,Kien Giang,0.96,0.5,27.8
2024-09-06,Kien Giang,1.11,0.0,26.9
2024-09-07,Kien Giang,0.77,0.0,27.1
2024-09-08,Kien Giang,0.74,1.2,27.0
2024-09-09,Kien Giang,0.59,0.0,27.7
2024-09-10,Kien Giang,0.58,16.8,28.0
2024-09-11,Kien Giang,0.76,0.0,27.2
2024-09-12,Kien Giang,1.01,0.5,26.9
2024-09-13,Kien Giang,0.54,0.0,27.5
2024-09-14,Kien Giang,0.91,0.0,27.8
2024-09-15,Kien Giang,0.72,23.9,27.6
2024-09-16,Kien Giang,0.7,0.0,27.2
2024-09-17,Kien Giang,0.28,11.6,27.6
2024-09-18,Kien Giang,0.54,12.2,27.4
2024-09-19,Kien Giang,0.37,1.6,26.6
2024-09-20,Kien Giang,0.9,0.0,27.5
2024-09-21,Kien Giang,0.95,23.9,27.1
2024-09-22,Kien Giang,0.93,26.0,27.1
2024-09-23,Kien Giang,0.74,43.2,27.5
2024-09-24,Kien Giang,0.82,0.8,27.5
2024-09-25,Kien Giang,0.69,0.0,27.5
2024-09-26,Kien Giang,0.94,0.0,27.4
2024-09-27,Kien Giang,0.67,0.0,26.9
2024-09-28,Kien Giang,0.54,0.9,27.3
2024-09-29,Kien Giang,0.59,3.3,26.5
2024-09-30,Kien Giang,0.82,0.0,27.0
2024-10-01,Kien Giang,0.83,12.2,27.5
2024-10-02,Kien Giang,0.75,41.3,27.2
2024-10-03,Kien Giang,1.07,0.0,26.8
2024-10-04,Kien Giang,1.21,31.0,27.1
2024-10-05,Kien Giang,0.82,25.8,27.4
2024-10-06,Kien Giang,0.67,0.0,27.3
2024-10-07,Kien Giang,0.89,0.0,26.4
2024-10-08,Kien Giang,1.16,26.4,26.4
2024-10-09,Kien Giang,0.92,0.0,27.2
2024-10-10,Kien Giang,1.11,0.0,26.3
2024-10-11,Kien Giang,0.91,6.3,27.3
2024-10-12,Kien Giang,0.93,0.0,27.2
2024-10-13,Kien Giang,1.43,22.8,26.9
2024-10-14,Kien Giang,0.78,47.4,26.7
2024-10-15,Kien Giang,1.03,22.9,26.9
2024-10-16,Kien Giang,1.4,0.7,26.4
2024-10-17,Kien Giang,1.09,0.4,27.7
2024-10-18,Kien Giang,0.84,1.7,26.7
2024-10-19,Kien Giang,1.17,36.7,26.8
2024-10-20,Kien Giang,0.26,52.5,26.1
2024-10-21,Kien Giang,0.57,0.0,26.6
2024-10-22,Kien Giang,1.06,0.0,26.5
2024-10-23,Kien Giang,0.94,0.0,26.9
2024-10-24,Kien Giang,0.89,0.0,26.4
2024-10-25,Kien Giang,0.94,0.0,26.8
2024-10-26,Kien Giang,0.83,0.7,26.6
2024-10-27,Kien Giang,0.98,0.0,27.1
2024-10-28,Kien Giang,1.12,0.0,26.4
2024-10-29,Kien Giang,0.96,0.0,26.8
2024-10-30,Kien Giang,1.08,1.0,27.3
2024-10-31,Kien Giang,1.03,0.0,26.6
2024-11-01,Kien Giang,0.39,52.0,26.2
2024-11-02,Kien Giang,0.79,0.0,26.7
2024-11-03,Kien Giang,0.56,19.7,27.2
2024-11-04,Kien Giang,1.12,0.0,27.2
2024-11-05,Kien Giang,1.07,0.0,26.7
2024-11-06,Kien Giang,0.35,0.0,27.7
2024-11-07,Kien Giang,0.9,18.1,26.2
2024-11-08,Kien Giang,0.8,6.8,26.7
2024-11-09,Kien Giang,0.54,9.0,26.7
2024-11-10,Kien Giang,0.89,0.0,27.4
2024-11-11,Kien Giang,0.96,0.0,26.4
2024-11-12,Kien Giang,0.7,0.0,26.4
2024-11-13,Kien Giang,1.02,0.0,27.3
2024-11-14,Kien Giang,0.95,0.5,26.7
2024-11-15,Kien Giang,0.69,0.0,26.8
2024-11-16,Kien Giang,0.97,0.0,26.6
2024-11-17,Kien Giang,0.8,0.0,26.7
2024-11-18,Kien Giang,1.04,0.0,26.0
2024-11-19,Kien Giang,1.12,0.0,27.1
2024-11-20,Kien Giang,0.98,0.0,26.9
2024-11-21,Kien Giang,0.95,6.5,27.2
2024-11-22,Kien Giang,1.48,0.0,26.9
2024-11-23,Kien Giang,0.93,0.0,26.9
2024-11-24,Kien Giang,0.98,0.0,27.5
2024-11-25,Kien Giang,1.25,0.0,27.0
2024-11-26,Kien Giang,1.33,0.0,27.6
2024-11-27,Kien Giang,1.44,0.0,27.0
2024-11-28,Kien Giang,1.28,0.0,27.6
2024-11-29,Kien Giang,0.97,0.0,26.8
2024-11-30,Kien Giang,2.13,10.6,26.7
2024-12-01,Kien Giang,1.57,0.0,27.3
2024-12-02,Kien Giang,1.83,0.0,27.3
2024-12-03,Kien Giang,1.74,0.5,27.7
2024-12-04,Kien Giang,1.76,0.0,26.8
2024-12-05,Kien Giang,2.14,0.0,27.7
2024-12-06,Kien Giang,2.26,0.0,27.5
2024-12-07,Kien Giang,1.83,0.0,27.2
2024-12-08,Kien Giang,2.09,0.0,27.0
2024-12-09,Kien Giang,1.35,0.0,27.9
2024-12-10,Kien Giang,2.22,1.0,27.0
2024-12-11,Kien Giang,2.49,0.0,27.3
2024-12-12,Kien Giang,2.23,0.0,27.4
2024-12-13,Kien Giang,1.96,0.0,27.6
2024-12-14,Kien Giang,2.59,0.0,27.9
2024-12-15,Kien Giang,2.62,0.0,27.5
2024-12-16,Kien Giang,2.43,2.2,27.4
2024-12-17,Kien Giang,2.09,0.0,27.8
2024-12-18,Kien Giang,2.35,4.3,27.7
2024-12-19,Kien Giang,3.08,5.0,28.2
2024-12-20,Kien Giang,3.0,0.0,28.0
2024-12-21,Kien Giang,3.05,9.4,27.6
2024-12-22,Kien Giang,2.91,7.6,27.8
2024-12-23,Kien Giang,2.64,0.0,27.1
2024-12-24,Kien Giang,2.91,0.0,27.9
2024-12-25,Kien Giang,2.99,0.0,27.8
2024-12-26,Kien Giang,2.7,0.0,27.8
2024-12-27,Kien Giang,3.06,0.0,27.5
2024-12-28,Kien Giang,3.17,0.0,27.3
2024-12-29,Kien Giang,3.5,0.4,28.2
2024-12-30,Kien Giang,3.4,0.0,28.2
2024-01-01,Soc Trang,3.77,6.1,28.3
2024-01-02,Soc Trang,3.88,0.0,27.9
2024-01-03,Soc Trang,3.97,17.8,27.0
2024-01-04,Soc Trang,4.09,0.0,28.2
2024-01-05,Soc Trang,4.37,0.0,28.0
2024-01-06,Soc Trang,4.0,0.0,28.9
2024-01-07,Soc Trang,3.99,0.0,28.2
2024-01-08,Soc Trang,3.83,0.0,28.0
2024-01-09,Soc Trang,4.75,0.0,27.7
2024-01-10,Soc Trang,4.59,0.0,28.6
2024-01-11,Soc Trang,4.6,0.0,28.3
2024-01-12,Soc Trang,4.55,0.0,28.5
2024-01-13,Soc Trang,4.6,0.0,28.9
2024-01-14,Soc Trang,4.82,0.0,28.3
2024-01-15,Soc Trang,4.56,0.0,28.4
2024-01-16,Soc Trang,4.4,0.0,28.2
2024-01-17,Soc Trang,4.63,0.0,27.9
2024-01-18,Soc Trang,4.58,0.0,27.8
2024-01-19,Soc Trang,5.1,0.0,28.8
2024-01-20,Soc Trang,5.31,0.0,28.0
2024-01-21,Soc Trang,4.84,0.0,28.7
2024-01-22,Soc Trang,4.7,0.0,28.9
2024-01-23,Soc Trang,5.31,0.0,28.4
2024-01-24,Soc Trang,4.92,0.0,29.3
2024-01-25,Soc Trang,4.87,0.0,28.3
2024-01-26,Soc Trang,5.54,0.0,28.7
2024-01-27,Soc Trang,5.26,0.0,29.1
2024-01-28,Soc Trang,5.38,0.0,29.3
2024-01-29,Soc Trang,5.15,0.0,28.4
2024-01-30,Soc Trang,5.44,0.0,29.2
2024-01-31,Soc Trang,5.11,0.0,28.3
2024-02-01,Soc Trang,5.49,0.7,29.8
2024-02-02,Soc Trang,5.41,0.0,28.9
2024-02-03,Soc Trang,5.51,0.0,29.6
2024-02-04,Soc Trang,5.76,0.0,29.7
2024-02-05,Soc Trang,5.18,0.0,29.0
2024-02-06,Soc Trang,5.67,0.0,29.7
2024-02-07,Soc Trang,5.64,0.0,28.9
2024-02-08,Soc Trang,5.9,0.0,29.7
2024-02-09,Soc Trang,5.28,0.0,29.1
2024-02-10,Soc Trang,5.65,0.0,29.3
2024-02-11,Soc Trang,5.21,0.0,29.0
2024-02-12,Soc Trang,5.69,0.0,29.7
2024-02-13,Soc Trang,5.82,0.0,30.2
2024-02-14,Soc Trang,5.86,0.0,30.3
2024-02-15,Soc Trang,5.97,0.0,29.7
2024-02-16,Soc Trang,5.69,0.0,30.4
2024-02-17,Soc Trang,5.86,0.0,29.6
2024-02-18,Soc Trang,5.57,0.0,30.0
2024-02-19,Soc Trang,5.43,0.0,29.8
2024-02-20,Soc Trang,5.89,0.0,30.0
2024-02-21,Soc Trang,5.86,0.0,29.7
2024-02-22,Soc Trang,5.59,0.0,29.8
2024-02-23,Soc Trang,6.17,0.0,30.1
2024-02-24,Soc Trang,5.79,0.0,30.5
2024-02-25,Soc Trang,5.68,0.0,29.9
2024-02-26,Soc Trang,5.91,0.0,30.1
2024-02-27,Soc Trang,5.83,0.0,30.1
2024-02-28,Soc Trang,5.91,0.0,29.7
2024-02-29,Soc Trang,5.84,0.0,31.4
2024-03-01,Soc Trang,6.04,0.0,30.5
2024-03-02,Soc Trang,5.9,0.0,30.3
2024-03-03,Soc Trang,5.89,0.0,30.3
2024-03-04,Soc Trang,6.01,0.0,29.8
2024-03-05,Soc Trang,6.01,0.4,30.6
2024-03-06,Soc Trang,5.75,0.0,30.2
2024-03-07,Soc Trang,5.42,0.0,30.6
2024-03-08,Soc Trang,5.65,0.0,30.2
2024-03-09,Soc Trang,5.49,0.0,31.0
2024-03-10,Soc Trang,5.99,0.0,30.0
2024-03-11,Soc Trang,5.62,0.0,30.8
2024-03-12,Soc Trang,5.93,0.0,30.3
2024-03-13,Soc Trang,5.56,0.4,30.5
2024-03-14,Soc Trang,5.99,0.0,30.7
2024-03-15,Soc Trang,5.51,0.0,30.2
2024-03-16,Soc Trang,5.56,0.0,30.3
2024-03-17,Soc Trang,5.12,0.0,30.7
2024-03-18,Soc Trang,5.91,0.0,30.4
2024-03-19,Soc Trang,6.07,0.0,30.8
2024-03-20,Soc Trang,5.76,0.0,30.2
2024-03-21,Soc Trang,5.24,0.0,30.6
2024-03-22,Soc Trang,5.48,0.0,30.6
2024-03-23,Soc Trang,5.63,0.0,31.4
2024-03-24,Soc Trang,5.22,0.0,30.9
2024-03-25,Soc Trang,5.18,0.0,31.0
2024-03-26,Soc Trang,5.37,0.0,31.5
2024-03-27,Soc Trang,5.27,0.0,30.4
2024-03-28,Soc Trang,5.24,0.0,30.8
2024-03-29,Soc Trang,5.55,0.0,30.6
2024-03-30,Soc Trang,5.34,0.4,30.5
2024-03-31,Soc Trang,5.08,0.0,31.4
2024-04-01,Soc Trang,5.11,0.0,31.5
2024-04-02,Soc Trang,4.7,0.0,31.3
2024-04-03,Soc Trang,4.68,0.0,30.9
2024-04-04,Soc Trang,5.07,0.0,30.5
2024-04-05,Soc Trang,4.95,0.0,31.0
2024-04-06,Soc Trang,5.3,0.0,30.8
2024-04-07,Soc Trang,5.39,0.0,31.7
2024-04-08,Soc Trang,5.03,0.0,31.4
2024-04-09,Soc Trang,5.07,0.0,31.1
2024-04-10,Soc Trang,4.87,0.0,30.7
2024-04-11,Soc Trang,5.01,0.0,31.7
2024-04-12,Soc Trang,4.61,0.0,31.3
2024-04-13,Soc Trang,4.57,0.0,31.2
2024-04-14,Soc Trang,5.09,0.0,31.2
2024-04-15,Soc Trang,4.89,0.0,30.6
2024-04-16,Soc Trang,4.58,0.0,31.3
2024-04-17,Soc Trang,4.76,0.0,31.1
2024-04-18,Soc Trang,4.82,0.0,31.0
2024-04-19,Soc Trang,4.95,0.0,30.9
2024-04-20,Soc Trang,4.45,0.0,31.3
2024-04-21,Soc Trang,4.59,0.0,31.4
2024-04-22,Soc Trang,4.07,0.0,30.8
2024-04-23,Soc Trang,4.13,0.0,31.1
2024-04-24,Soc Trang,4.03,0.0,31.5
2024-04-25,Soc Trang,3.81,0.0,30.8
2024-04-26,Soc Trang,3.7,0.0,31.6
2024-04-27,Soc Trang,4.41,0.0,31.3
2024-04-28,Soc Trang,4.35,0.0,31.4
2024-04-29,Soc Trang,3.97,0.0,31.2
2024-04-30,Soc Trang,3.72,0.0,30.4
2024-05-01,Soc Trang,3.75,0.0,30.9
2024-05-02,Soc Trang,3.49,0.0,30.6
2024-05-03,Soc Trang,3.71,0.0,31.3
2024-05-04,Soc Trang,3.91,0.0,31.2
2024-05-05,Soc Trang,3.41,0.0,31.1
2024-05-06,Soc Trang,3.32,0.0,30.9
2024-05-07,Soc Trang,3.11,0.0,31.3
2024-05-08,Soc Trang,3.44,0.0,30.9
2024-05-09,Soc Trang,2.97,0.0,31.4
2024-05-10,Soc Trang,2.99,0.0,30.8
2024-05-11,Soc Trang,3.24,0.0,30.7
2024-05-12,Soc Trang,3.58,0.0,30.9
2024-05-13,Soc Trang,3.1,0.4,31.5
2024-05-14,Soc Trang,2.78,0.0,31.2
2024-05-15,Soc Trang,3.06,0.0,30.7
2024-05-16,Soc Trang,3.05,0.0,30.8
2024-05-17,Soc Trang,2.84,0.6,31.5
2024-05-18,Soc Trang,2.8,11.8,30.7
2024-05-19,Soc Trang,2.62,0.0,31.1
2024-05-20,Soc Trang,2.61,0.0,31.2
2024-05-21,Soc Trang,2.32,0.0,30.8
2024-05-22,Soc Trang,2.5,0.0,31.2
2024-05-23,Soc Trang,2.18,0.0,31.1
2024-05-24,Soc Trang,1.99,0.0,31.3
2024-05-25,Soc Trang,1.68,0.0,31.2
2024-05-26,Soc Trang,2.44,10.4,30.5
2024-05-27,Soc Trang,2.06,0.5,30.3
2024-05-28,Soc Trang,1.95,0.0,30.5
2024-05-29,Soc Trang,2.16,0.0,31.0
2024-05-30,Soc Trang,1.56,0.0,30.8
2024-05-31,Soc Trang,2.16,13.5,30.9
2024-06-01,Soc Trang,1.37,0.0,30.7
2024-06-02,Soc Trang,1.27,0.0,30.7
2024-06-03,Soc Trang,1.51,0.0,30.6
2024-06-04,Soc Trang,1.58,17.8,30.5
2024-06-05,Soc Trang,1.6,20.5,31.0
2024-06-06,Soc Trang,1.36,0.0,31.7
2024-06-07,Soc Trang,1.18,0.0,31.4
2024-06-08,Soc Trang,1.32,0.0,30.1
2024-06-09,Soc Trang,1.41,10.1,30.4
2024-06-10,Soc Trang,1.28,0.0,30.8
2024-06-11,Soc Trang,0.9,33.4,30.6
2024-06-12,Soc Trang,0.68,0.0,30.7
2024-06-13,Soc Trang,1.04,5.7,30.3
2024-06-14,Soc Trang,1.25,0.0,31.0
2024-06-15,Soc Trang,1.1,0.0,30.8
2024-06-16,Soc Trang,1.17,0.0,30.3
2024-06-17,Soc Trang,0.78,0.0,30.0
2024-06-18,Soc Trang,0.76,0.0,30.8
2024-06-19,Soc Trang,1.25,13.1,30.8
2024-06-20,Soc Trang,0.6,9.2,29.9
2024-06-21,Soc Trang,1.08,0.0,30.2
2024-06-22,Soc Trang,0.68,0.0,30.3
2024-06-23,Soc Trang,1.69,0.0,30.3
2024-06-24,Soc Trang,1.44,2.7,30.9
2024-06-25,Soc Trang,0.68,0.0,30.1
2024-06-26,Soc Trang,0.36,0.5,30.8
2024-06-27,Soc Trang,1.7,9.0,30.5
2024-06-28,Soc Trang,0.8,0.4,30.5
2024-06-29,Soc Trang,0.84,7.1,30.6
2024-06-30,Soc Trang,0.52,30.2,30.8
2024-07-01,Soc Trang,0.9,0.0,29.6
2024-07-02,Soc Trang,1.01,20.0,30.3
2024-07-03,Soc Trang,0.79,35.8,29.5
2024-07-04,Soc Trang,1.42,1.0,29.8
2024-07-05,Soc Trang,1.23,0.0,29.9
2024-07-06,Soc Trang,0.73,14.7,29.4
2024-07-07,Soc Trang,0.89,0.0,29.5
2024-07-08,Soc Trang,1.49,9.9,30.3
2024-07-09,Soc Trang,1.15,0.0,30.1
2024-07-10,Soc Trang,0.67,0.0,29.9
2024-07-11,Soc Trang,0.93,1.2,30.2
2024-07-12,Soc Trang,1.23,6.2,29.1
2024-07-13,Soc Trang,0.76,0.0,28.9
2024-07-14,Soc Trang,1.11,0.0,30.0
2024-07-15,Soc Trang,0.67,0.8,29.1
2024-07-16,Soc Trang,1.11,0.0,28.9
2024-07-17,Soc Trang,0.8,10.1,29.1
2024-07-18,Soc Trang,0.97,0.0,29.5
2024-07-19,Soc Trang,0.75,0.0,28.9
2024-07-20,Soc Trang,1.14,0.0,29.8
2024-07-21,Soc Trang,0.39,2.4,29.4
2024-07-22,Soc Trang,0.58,0.5,29.6
2024-07-23,Soc Trang,0.95,28.7,29.9
2024-07-24,Soc Trang,0.99,0.8,28.9
2024-07-25,Soc Trang,1.05,0.0,28.9
2024-07-26,Soc Trang,0.86,1.2,29.2
2024-07-27,Soc Trang,0.68,0.7,28.8
2024-07-28,Soc Trang,0.86,4.8,28.6
2024-07-29,Soc Trang,0.85,80.0,29.4
2024-07-30,Soc Trang,1.1,70.2,29.4
2024-07-31,Soc Trang,0.82,0.0,30.0
2024-08-01,Soc Trang,0.55,1.1,29.2
2024-08-02,Soc Trang,0.93,0.0,28.7
2024-08-03,Soc Trang,1.36,0.0,28.9
2024-08-04,Soc Trang,0.87,18.1,28.4
2024-08-05,Soc Trang,0.97,0.0,28.5
2024-08-06,Soc Trang,1.0,77.3,28.4
2024-08-07,Soc Trang,0.75,8.5,28.5
2024-08-08,Soc Trang,0.79,0.0,28.5
2024-08-09,Soc Trang,0.22,9.7,28.2
2024-08-10,Soc Trang,0.73,0.0,28.1
2024-08-11,Soc Trang,1.05,0.9,28.3
2024-08-12,Soc Trang,1.2,30.1,28.6
2024-08-13,Soc Trang,0.83,19.4,28.4
2024-08-14,Soc Trang,1.35,0.0,28.7
2024-08-15,Soc Trang,1.26,0.0,28.6
2024-08-16,Soc Trang,0.82,2.3,28.6
2024-08-17,Soc Trang,0.81,0.9,28.2
2024-08-18,Soc Trang,0.9,16.5,28.5
2024-08-19,Soc Trang,1.02,0.0,27.9
2024-08-20,Soc Trang,1.22,9.1,28.6
2024-08-21,Soc Trang,0.76,7.2,28.5
2024-08-22,Soc Trang,0.9,53.2,28.7
2024-08-23,Soc Trang,1.17,33.7,27.6
2024-08-24,Soc Trang,1.05,12.1,27.8
2024-08-25,Soc Trang,1.18,21.2,27.8
2024-08-26,Soc Trang,1.19,0.0,28.6
2024-08-27,Soc Trang,1.22,0.0,28.4
2024-08-28,Soc Trang,0.39,1.7,28.4
2024-08-29,Soc Trang,1.14,0.0,27.8
2024-08-30,Soc Trang,0.8,0.7,29.1
2024-08-31,Soc Trang,1.01,0.4,28.7
2024-09-01,Soc Trang,1.1,22.9,28.1
2024-09-02,Soc Trang,0.98,37.3,28.2
2024-09-03,Soc Trang,1.13,39.3,28.3
2024-09-04,Soc Trang,0.9,2.2,27.6
2024-09-05,Soc Trang,0.87,1.6,27.0
2024-09-06,Soc Trang,1.21,19.4,28.7
2024-09-07,Soc Trang,0.72,30.4,27.8
2024-09-08,Soc Trang,1.08,37.2,28.4
2024-09-09,Soc Trang,0.52,25.3,27.5
2024-09-10,Soc Trang,0.97,0.0,27.6
2024-09-11,Soc Trang,1.45,18.3,27.2
2024-09-12,Soc Trang,0.9,1.2,27.9
2024-09-13,Soc Trang,1.01,0.0,27.0
2024-09-14,Soc Trang,1.0,22.6,27.5
2024-09-15,Soc Trang,0.9,0.4,27.3
2024-09-16,Soc Trang,0.67,0.0,27.8
2024-09-17,Soc Trang,0.54,0.0,26.9
2024-09-18,Soc Trang,0.84,0.0,27.2
2024-09-19,Soc Trang,1.1,7.3,27.8
2024-09-20,Soc Trang,0.73,8.0,27.3
2024-09-21,Soc Trang,0.95,0.5,27.4
2024-09-22,Soc Trang,1.01,50.4,27.0
2024-09-23,Soc Trang,0.3,45.2,27.3
2024-09-24,Soc Trang,0.94,0.9,26.6
2024-09-25,Soc Trang,0.8,52.6,26.7
2024-09-26,Soc Trang,1.26,0.0,27.4
2024-09-27,Soc Trang,0.91,14.8,27.2
2024-09-28,Soc Trang,0.88,35.7,26.9
2024-09-29,Soc Trang,0.76,0.9,27.6
2024-09-30,Soc Trang,0.74,2.9,27.2
2024-10-01,Soc Trang,0.65,0.8,26.9
2024-10-02,Soc Trang,0.87,13.7,26.9
2024-10-03,Soc Trang,1.13,31.5,26.6
2024-10-04,Soc Trang,0.65,9.4,26.0
2024-10-05,Soc Trang,1.02,1.2,27.1
2024-10-06,Soc Trang,1.0,0.9,27.3
2024-10-07,Soc Trang,0.88,1.9,27.1
2024-10-08,Soc Trang,0.76,0.0,27.7
2024-10-09,Soc Trang,1.49,0.0,26.8
2024-10-10,Soc Trang,1.19,0.9,26.1
2024-10-11,Soc Trang,0.82,0.0,26.4
2024-10-12,Soc Trang,1.02,0.0,27.4
2024-10-13,Soc Trang,1.14,0.4,26.9
2024-10-14,Soc Trang,1.09,0.7,26.4
2024-10-15,Soc Trang,1.06,0.0,26.0
2024-10-16,Soc Trang,0.42,35.0,26.9
2024-10-17,Soc Trang,0.79,4.5,27.4
2024-10-18,Soc Trang,0.98,0.0,27.0
2024-10-19,Soc Trang,1.15,0.0,27.2
2024-10-20,Soc Trang,1.21,0.0,26.6
2024-10-21,Soc Trang,1.05,0.0,27.0
2024-10-22,Soc Trang,1.0,0.0,27.1
2024-10-23,Soc Trang,0.67,26.3,26.1
2024-10-24,Soc Trang,0.64,0.0,26.4
2024-10-25,Soc Trang,0.87,0.0,27.8
2024-10-26,Soc Trang,1.25,0.0,26.8
2024-10-27,Soc Trang,1.02,15.3,27.6
2024-10-28,Soc Trang,1.1,0.0,26.0
2024-10-29,Soc Trang,0.92,0.0,27.1
2024-10-30,Soc Trang,0.82,15.5,26.8
2024-10-31,Soc Trang,1.25,0.0,27.6
2024-11-01,Soc Trang,1.01,6.5,26.9
2024-11-02,Soc Trang,1.17,0.4,27.3
2024-11-03,Soc Trang,0.68,0.0,27.3
2024-11-04,Soc Trang,0.82,0.0,27.5
2024-11-05,Soc Trang,0.81,0.0,26.5
2024-11-06,Soc Trang,0.75,0.4,26.6
2024-11-07,Soc Trang,1.31,0.0,26.8
2024-11-08,Soc Trang,1.29,0.0,27.2
2024-11-09,Soc Trang,1.07,0.0,26.9
2024-11-10,Soc Trang,1.59,2.6,27.2
2024-11-11,Soc Trang,1.31,0.0,26.7
2024-11-12,Soc Trang,0.74,0.0,27.5
2024-11-13,Soc Trang,1.33,0.0,27.2
2024-11-14,Soc Trang,0.81,0.0,26.9
2024-11-15,Soc Trang,1.14,0.0,26.6
2024-11-16,Soc Trang,0.66,0.0,26.1
2024-11-17,Soc Trang,0.82,0.0,26.7
2024-11-18,Soc Trang,0.87,0.0,27.4
2024-11-19,Soc Trang,1.2,0.0,26.0
2024-11-20,Soc Trang,1.0,0.0,26.9
2024-11-21,Soc Trang,1.26,0.0,26.5
2024-11-22,Soc Trang,1.14,11.5,26.5
2024-11-23,Soc Trang,1.26,0.0,27.2
2024-11-24,Soc Trang,1.84,0.0,26.6
2024-11-25,Soc Trang,1.45,0.0,27.2
2024-11-26,Soc Trang,1.78,0.0,27.7
2024-11-27,Soc Trang,2.0,0.0,27.5
2024-11-28,Soc Trang,1.75,0.0,27.9
2024-11-29,Soc Trang,1.61,0.0,26.7
2024-11-30,Soc Trang,1.94,22.8,27.1
2024-12-01,Soc Trang,2.08,0.0,27.2
2024-12-02,Soc Trang,2.13,0.0,27.8
2024-12-03,Soc Trang,2.24,0.0,26.6
2024-12-04,Soc Trang,2.17,0.0,27.3
2024-12-05,Soc Trang,2.26,0.0,27.6
2024-12-06,Soc Trang,2.67,0.0,27.8
2024-12-07,Soc Trang,2.19,0.0,27.8
2024-12-08,Soc Trang,2.35,0.0,26.9
2024-12-09,Soc Trang,2.58,0.0,27.7
2024-12-10,Soc Trang,2.88,0.0,27.2
2024-12-11,Soc Trang,2.46,0.0,27.5
2024-12-12,Soc Trang,2.79,0.0,26.2
2024-12-13,Soc Trang,2.63,0.0,27.4
2024-12-14,Soc Trang,2.88,0.0,27.7
2024-12-15,Soc Trang,2.59,0.0,27.9
2024-12-16,Soc Trang,2.9,0.0,27.6
2024-12-17,Soc Trang,3.02,0.0,27.0
2024-12-18,Soc Trang,3.31,0.0,27.9
2024-12-19,Soc Trang,3.23,0.0,27.3
2024-12-20,Soc Trang,3.29,0.0,27.6
2024-12-21,Soc Trang,3.05,0.0,28.4
2024-12-22,Soc Trang,3.0,0.0,27.8
2024-12-23,Soc Trang,3.47,0.0,27.3
2024-12-24,Soc Trang,3.23,0.0,27.3
2024-12-25,Soc Trang,3.19,0.0,27.7
2024-12-26,Soc Trang,3.78,0.0,28.2
2024-12-27,Soc Trang,3.86,0.0,27.7
2024-12-28,Soc Trang,3.8,0.0,28.0
2024-12-29,Soc Trang,4.08,0.0,28.2
2024-12-30,Soc Trang,3.69,0.0,28.1
